,words,sentiment
0,Dick,[-1]
1,Jugendstil,[1]
2,Nemesis,[-1]
3,Renaissance,[1]
4,aan,[1]
5,aanbeden,[1]
6,aanbevelen,[1]
7,aanbeveling,[1]
8,aanbevelingen,[1]
9,aanbevolen,[1]
10,aanbidden,[1]
11,aanbieden,[1]
12,aanbreken,[1]
13,aandachtig,[1]
14,aandeel,[-1]
15,aandoen,[-1]
16,aandoening,[-1]
17,aangeklaagd,[-1]
18,aangenaam,[1]
19,aangename,[1]
20,aangeprezen,[-1]
21,aangericht,[-1]
22,aangetaste,[-1]
23,aangevochten,[-1]
24,aangevuld,[1]
25,aangewezen,[1]
26,aanhanger,[-1]
27,aanhoudend,[-1]
28,aanhouding,[-1]
29,aanklacht,[-1]
30,aankloppen,[-1]
31,aankomen,[1]
32,aanleg,[-1]
33,aanleiding,[-1]
34,aanmoedigen,[1]
35,aanmoediging,[1]
36,aanname,[1]
37,aannemen,[1]
38,aanpassen,[1]
39,aanraden,[1]
40,aanranding,[-1]
41,aanrichten,[-1]
42,aanslag,[-1]
43,aanspannen,[-1]
44,aansporing,[-1]
45,aansprakelijk,[-1]
46,aansprakelijkheid,[-1]
47,aanspreken,[1]
48,aansteker,[1]
49,aanstichter,[-1]
50,aantasten,[-1]
51,aantrekkelijk,[1]
52,aantrekkelijke,[1]
53,aantrekkelijkheid,[1]
54,aantrekkingskracht,[1]
55,aanvaarden,[1]
56,aanvaarding,[1]
57,aanval,[-1]
58,aanvallen,[-1]
59,aanvallend,[-1]
60,aanvoeren,[1]
61,aanvullen,[1]
62,aanvulling,[1]
63,aanwijzing,[1]
64,aanzien,[1]
65,aard,[-1]
66,aardig,[1]
67,aards,[-1]
68,aarzelend,[-1]
69,aas,[-1]
70,abnormaal,[-1]
71,abrupt,[-1]
72,absurd,[-1]
73,abundant,[1]
74,accuraat,[1]
75,accurate,[1]
76,achtbaan,[-1]
77,achterblijven,[-1]
78,achterblijvende,[-1]
79,achterdeur,[-1]
80,achterdocht,[-1]
81,achterdochtig,[-1]
82,achtergestelde,[-1]
83,achterhaald,[-1]
84,achterlaten,[-1]
85,achterlijk,[-1]
86,achterover,[-1]
87,achterstallig,[-1]
88,achterste,[-1]
89,achtersteven,[-1]
90,achteruit,[-1]
91,achteruitgang,[-1]
92,achtervolgen,[-1]
93,achterwaarts,[-1]
94,achterwerk,[-1]
95,achting,[1]
96,acuut,[1]
97,adaptieve,[1]
98,adder,[-1]
99,adellijk,[1]
100,adellijke,[1]
101,adem,[1]
102,ademhaling,[1]
103,adequaat,[1]
104,adequate,[1]
105,advanced,[1]
106,advies,[1]
107,adviseren,[1]
108,advocaat,[1]
109,advocate,[1]
110,afbraak,[-1]
111,afbranden,[-1]
112,afbreken,[-1]
113,afbreuk,[-1]
114,afdaling,[-1]
115,affiniteit,[1]
116,afgaan,[-1]
117,afgebroken,[-1]
118,afgedragen,[-1]
119,afgeslagen,[-1]
120,afgetreden,[-1]
121,afgietsel,[-1]
122,afkeer,[-1]
123,afkerig,[-1]
124,afkeuren,[-1]
125,afkeuring,[-1]
126,afkoelen,[1]
127,aflaat,[1]
128,afleiden,[-1]
129,afleiding,[-1]
130,afloop,[-1]
131,aflopen,[-1]
132,aflossing,[1]
133,afluisteren,[-1]
134,afmaken,[-1]
135,afname,[-1]
136,afnemen,[-1]
137,afpersing,[-1]
138,afschaffen,[-1]
139,afscheiden,[-1]
140,afschrikken,[-1]
141,afschrikwekkend,[-1]
142,afschuw,[-1]
143,afschuwelijk,[-1]
144,afslaan,[-1]
145,afstandelijk,[-1]
146,afstoten,[-1]
147,aftappen,[-1]
148,aftreden,[-1]
149,aftrekken,[-1]
150,afval,[-1]
151,afvallen,[-1]
152,afvallige,[-1]
153,afvoer,[-1]
154,afweren,[-1]
155,afwezig,[-1]
156,afwezige,[-1]
157,afwezigheid,[-1]
158,afwijken,[-1]
159,afwijkend,[-1]
160,afwijking,[-1]
161,afwijzen,[-1]
162,afwijzend,[-1]
163,afwijzing,[-1]
164,afwisselend,[1]
165,afzijdig,[-1]
166,agile,[1]
167,agressie,[-1]
168,agressief,[-1]
169,agressiviteit,[-1]
170,alarm,[-1]
171,alert,[1]
172,algemeen,[-1]
173,alledaags,[-1]
174,alleen,[-1]
175,allergie,[-1]
176,allergieën,[-1]
177,allergisch,[-1]
178,als,[1]
179,ambitieus,[1]
180,amper,[-1]
181,analfabeet,[-1]
182,anarchie,[-1]
183,anarchisme,[-1]
184,anarchist,[-1]
185,angst,[-1]
186,angsten,[-1]
187,angstig,[-1]
188,annuleren,[-1]
189,anomalie,[-1]
190,antagonist,[-1]
191,antwoorden,[-1]
192,anus,[-1]
193,apart,[-1]
194,apocalyptische,[-1]
195,arbeid,[1]
196,archaïsch,[-1]
197,aristocraat,[1]
198,arm,[-1]
199,arme,[-1]
200,armer,[-1]
201,armoede,[-1]
202,armoedig,[-1]
203,armste,[-1]
204,arrestatie,[-1]
205,arrogant,[-1]
206,arrogantie,[-1]
207,ascese,[-1]
208,aspiraties,[1]
209,attack,[-1]
210,attent,[1]
211,attractie,[1]
212,authentiek,[1]
213,autocratisch,[-1]
214,autonoom,[1]
215,autoritair,[-1]
216,available,[1]
217,aversie,[-1]
218,avontuurlijk,[1]
219,award,[1]
220,awards,[1]
221,baanbrekend,[1]
222,baanbrekende,[1]
223,backbone,[1]
224,bad,[-1]
225,balanceren,[1]
226,balling,[-1]
227,ballingschap,[-1]
228,ban,[1]
229,bang,[-1]
230,bank,[1]
231,bankroet,[-1]
232,barbaar,[-1]
233,barbaars,[-1]
234,barmhartigheid,[1]
235,barst,[-1]
236,barsten,[-1]
237,bastaard,[-1]
238,baten,[1]
239,beautiful,[1]
240,beauty,[1]
241,bedanken,[1]
242,bedekken,[-1]
243,bedelaar,[-1]
244,bedelen,[-1]
245,bedenken,[-1]
246,bederf,[-1]
247,bederven,[-1]
248,bediende,[-1]
249,bedorven,[-1]
250,bedreigen,[-1]
251,bedreiging,[-1]
252,bedreigingen,[-1]
253,bedreven,[1]
254,bedriegen,[-1]
255,bedrieger,[-1]
256,bedrieglijk,[-1]
257,bedroefd,[-1]
258,bedrog,[-1]
259,bedrogen,[-1]
260,beducht,[-1]
261,beduidend,[1]
262,beek,[-1]
263,beeltenis,[-1]
264,beest,[-1]
265,beestje,[-1]
266,begaafd,[1]
267,begeleiden,[1]
268,begeleiding,[1]
269,begeven,[-1]
270,begrijpelijk,[1]
271,begrijpen,[-1]
272,begrip,[-1]
273,begroeten,[1]
274,begroeting,[1]
275,begunstigde,[1]
276,behagen,[1]
277,behangen,[-1]
278,beheersen,[1]
279,beheerst,[1]
280,behendig,[1]
281,behendigheid,[1]
282,behoeden,[-1]
283,behoeftige,[-1]
284,behoorlijk,[1]
285,behulpzaam,[1]
286,bekendmaken,[-1]
287,bekennen,[-1]
288,bekentenis,[-1]
289,bekentenissen,[-1]
290,beklag,[-1]
291,beklagen,[-1]
292,beklemtonen,[-1]
293,bekomen,[1]
294,bekritiseerd,[-1]
295,bekritiseren,[-1]
296,bekrompen,[-1]
297,bekroond,[1]
298,bekwaam,[1]
299,bekwaamheid,[1]
300,belachelijk,[-1]
301,beladen,[-1]
302,belang,[1]
303,belangeloos,[-1]
304,belangen,[1]
305,belangrijk,[1]
306,belangstelling,[-1]
307,belangwekkend,[1]
308,belasten,[-1]
309,beledigen,[-1]
310,beledigend,[-1]
311,belediging,[-1]
312,beledigingen,[-1]
313,beleefd,[1]
314,beleefdheid,[1]
315,beleg,[-1]
316,belegeren,[-1]
317,belegering,[-1]
318,belemmerd,[-1]
319,belemmeren,[-1]
320,belemmering,[-1]
321,belezen,[1]
322,belichten,[1]
323,belijden,[-1]
324,belofte,[1]
325,belonen,[1]
326,beloning,[1]
327,beloofd,[1]
328,belooft,[1]
329,beloven,[1]
330,bemind,[1]
331,beminde,[1]
332,bemoeien,[-1]
333,benadrukken,[1]
334,benadrukt,[-1]
335,benauwd,[-1]
336,bendelid,[-1]
337,bent,[-1]
338,beperken,[-1]
339,beperking,[-1]
340,beperkingen,[-1]
341,beperkt,[-1]
342,bepleit,[1]
343,bepleiten,[1]
344,beproeving,[-1]
345,beramen,[-1]
346,bereid,[1]
347,bereikbaar,[1]
348,bereiken,[1]
349,bergafwaarts,[-1]
350,berisping,[-1]
351,beroemd,[1]
352,beroep,[1]
353,beroerd,[-1]
354,beroering,[-1]
355,beroofd,[-1]
356,berooid,[-1]
357,berouw,[-1]
358,beroving,[-1]
359,berucht,[-1]
360,beruchte,[-1]
361,beschaamd,[-1]
362,beschadigd,[-1]
363,beschadigen,[-1]
364,beschaving,[1]
365,bescheiden,[1]
366,bescheidenheid,[1]
367,beschermen,[1]
368,beschermend,[1]
369,bescherming,[1]
370,beschikbaar,[1]
371,beschouwen,[1]
372,beschuldigen,[-1]
373,beschuldiging,[-1]
374,beschuldigingen,[-1]
375,beschuldigt,[-1]
376,beseffen,[1]
377,beslissend,[1]
378,besmet,[-1]
379,besmettelijk,[-1]
380,besmetten,[-1]
381,besmetting,[-1]
382,besparen,[1]
383,bespelen,[1]
384,bespot,[-1]
385,bespotten,[-1]
386,best,[1]
387,bestoken,[-1]
388,bestraffen,[-1]
389,betekenisloos,[-1]
390,beter,[1]
391,beteren,[1]
392,betoverd,[1]
393,betoverde,[1]
394,betovering,[1]
395,betrappen,[-1]
396,betreffen,[-1]
397,betrekken,[-1]
398,betreurde,[-1]
399,betreuren,[-1]
400,betrokken,[-1]
401,betrouwbaar,[1]
402,betrouwbaarheid,[1]
403,better,[1]
404,betwijfelen,[-1]
405,betwist,[-1]
406,betwiste,[-1]
407,betwisten,[-1]
408,beuken,[-1]
409,beurs,[1]
410,bevaarbaar,[1]
411,bevallen,[1]
412,beveiligen,[1]
413,beven,[-1]
414,bevestigd,[1]
415,bevestigen,[1]
416,bevestigend,[1]
417,bevestiging,[1]
418,bevoegd,[1]
419,bevoordelen,[1]
420,bevorderen,[1]
421,bevredigen,[1]
422,bevredigend,[1]
423,bevredigende,[1]
424,bevrediging,[1]
425,bevreesd,[-1]
426,bevriend,[1]
427,bevriende,[1]
428,bevriest,[-1]
429,bevriezen,[-1]
430,bevriezing,[-1]
431,bevrijd,[1]
432,bevrijden,[1]
433,bevrijding,[1]
434,bevroren,[-1]
435,bewapend,[-1]
436,beweeglijk,[1]
437,beweren,[-1]
438,bewering,[-1]
439,bewerkstelligen,[1]
440,bewerkt,[-1]
441,bewezen,[1]
442,bewijs,[1]
443,bewijst,[1]
444,bewijzen,[1]
445,bewonderaar,[1]
446,bewonderen,[1]
447,bewondering,[1]
448,bewusteloos,[-1]
449,bezeten,[-1]
450,bezit,[-1]
451,bezorgd,[-1]
452,bezorgdheid,[-1]
453,bezwaar,[-1]
454,bezwaarlijk,[-1]
455,bezwaren,[-1]
456,bezweren,[1]
457,bezwering,[1]
458,bezwijken,[-1]
459,beëindigen,[-1]
460,beïnvloeden,[-1]
461,bias,[-1]
462,biecht,[-1]
463,bieden,[1]
464,biggen,[-1]
465,bijdrage,[1]
466,bijdragen,[1]
467,bijgeloof,[-1]
468,bijl,[-1]
469,bijstand,[1]
470,bijten,[-1]
471,bijtend,[-1]
472,bijval,[1]
473,bijzonder,[1]
474,billen,[-1]
475,binnendringen,[-1]
476,binnengedrongen,[-1]
477,binnenvallen,[-1]
478,bits,[-1]
479,bitter,[-1]
480,bitterheid,[-1]
481,bizar,[-1]
482,bizarre,[-1]
483,blaffen,[1]
484,blank,[1]
485,blauw,[-1]
486,blazen,[-1]
487,bleef,[-1]
488,blij,[1]
489,blijde,[1]
490,blijdschap,[1]
491,blijft,[-1]
492,blind,[-1]
493,blinken,[1]
494,blinkt,[1]
495,blockbuster,[1]
496,bloedbad,[-1]
497,bloedbaden,[-1]
498,bloeden,[-1]
499,bloederige,[-1]
500,bloedig,[-1]
501,bloeding,[-1]
502,bloedvergieten,[-1]
503,bloei,[1]
504,bloeien,[1]
505,bloeiend,[1]
506,bloeiende,[1]
507,bloeitijd,[1]
508,bloem,[1]
509,bloesem,[1]
510,blokkeren,[-1]
511,blow,[-1]
512,blunder,[-1]
513,blunders,[-1]
514,blussen,[-1]
515,bochtig,[-1]
516,bod,[1]
517,boef,[-1]
518,boegbeeld,[-1]
519,boeiend,[1]
520,boekweit,[-1]
521,bom,[-1]
522,bombardement,[-1]
523,bombarderen,[-1]
524,bondgenoot,[1]
525,bondig,[1]
526,bonus,[1]
527,bonussen,[1]
528,boom,[1]
529,boos,[-1]
530,boosheid,[-1]
531,boost,[1]
532,boren,[-1]
533,boring,[-1]
534,boringen,[-1]
535,borstbeeld,[-1]
536,borstel,[-1]
537,bot,[-1]
538,botsen,[-1]
539,botsing,[-1]
540,bouwvallig,[-1]
541,bovenkant,[1]
542,bovennatuurlijk,[-1]
543,box,[-1]
544,boycot,[-1]
545,boycotten,[-1]
546,braaf,[1]
547,braderie,[1]
548,brak,[-1]
549,braken,[-1]
550,branche,[-1]
551,branden,[-1]
552,brandnetel,[-1]
553,brandwonden,[-1]
554,brave,[1]
555,break,[-1]
556,breaks,[-1]
557,breekbaar,[-1]
558,breken,[-1]
559,breuk,[-1]
560,brighter,[1]
561,briljant,[1]
562,broeden,[-1]
563,broken,[-1]
564,bron,[1]
565,bronzen,[-1]
566,brood,[-1]
567,broos,[-1]
568,bros,[-1]
569,bruikbaar,[1]
570,brutaal,[-1]
571,brute,[-1]
572,bruto,[-1]
573,bruut,[-1]
574,bug,[-1]
575,buggy,[-1]
576,bugs,[-1]
577,buigzaam,[1]
578,buitenbeentje,[-1]
579,buitengewoon,[1]
580,buitensporig,[-1]
581,buitenstaander,[-1]
582,buizen,[-1]
583,bult,[-1]
584,burn,[-1]
585,buste,[-1]
586,cabine,[-1]
587,calamiteiten,[-1]
588,cancer,[-1]
589,capituleren,[-1]
590,catastrofaal,[-1]
591,catastrofale,[-1]
592,catastrofe,[-1]
593,chantage,[-1]
594,chanteren,[-1]
595,chaos,[-1]
596,chaotisch,[-1]
597,charisma,[1]
598,charismatisch,[1]
599,charismatische,[1]
600,charmant,[1]
601,charme,[1]
602,chic,[1]
603,chique,[1]
604,chronisch,[-1]
605,citroen,[-1]
606,classic,[1]
607,clean,[1]
608,clear,[1]
609,cloud,[-1]
610,coherent,[1]
611,cold,[-1]
612,comfort,[1]
613,comfortabel,[1]
614,commotie,[-1]
615,compact,[1]
616,compatible,[1]
617,competent,[1]
618,compleet,[1]
619,complement,[1]
620,complementair,[1]
621,complex,[-1]
622,complicatie,[-1]
623,compliment,[1]
624,complot,[-1]
625,conceptueel,[1]
626,concern,[-1]
627,concerns,[-1]
628,concessie,[-1]
629,concessies,[-1]
630,concurrent,[-1]
631,conflict,[-1]
632,conflicten,[-1]
633,confrontatie,[-1]
634,confronteren,[-1]
635,congestie,[-1]
636,consequent,[1]
637,conservatief,[-1]
638,consistent,[1]
639,consternatie,[-1]
640,constructief,[1]
641,consumeren,[1]
642,continuïteit,[1]
643,controleren,[1]
644,controverse,[-1]
645,controversieel,[-1]
646,cool,[1]
647,correct,[1]
648,corrigeren,[1]
649,corrosie,[-1]
650,corrosief,[-1]
651,corrupt,[-1]
652,corruptie,[-1]
653,coöperatief,[1]
654,coöperatieve,[1]
655,crack,[-1]
656,crash,[-1]
657,crashen,[-1]
658,crashes,[-1]
659,crashte,[-1]
660,crazy,[-1]
661,creatief,[1]
662,creative,[1]
663,crime,[-1]
664,crimineel,[-1]
665,crisis,[-1]
666,critical,[-1]
667,critici,[-1]
668,criticus,[-1]
669,cry,[-1]
670,cure,[1]
671,cynisch,[-1]
672,cynisme,[-1]
673,daden,[1]
674,dader,[-1]
675,dagen,[1]
676,dageraad,[1]
677,dagvaarding,[-1]
678,dakloze,[-1]
679,dalen,[-1]
680,dalende,[-1]
681,daling,[-1]
682,damp,[-1]
683,dampen,[-1]
684,dankbaar,[1]
685,dankbaarheid,[1]
686,danken,[1]
687,dapper,[1]
688,dapperheid,[1]
689,dar,[-1]
690,dark,[-1]
691,dead,[-1]
692,death,[-1]
693,debacle,[-1]
694,debt,[-1]
695,decadent,[-1]
696,deel,[-1]
697,deelneming,[1]
698,defect,[-1]
699,defensief,[-1]
700,degelijk,[1]
701,degraderen,[-1]
702,dekken,[-1]
703,deksel,[1]
704,delay,[-1]
705,delicaat,[1]
706,delicate,[1]
707,delicten,[-1]
708,delirium,[-1]
709,demon,[-1]
710,demper,[-1]
711,denigrerend,[-1]
712,denigrerende,[-1]
713,denkbeeldig,[-1]
714,depressie,[-1]
715,depressies,[-1]
716,desertie,[-1]
717,desolate,[-1]
718,despoot,[-1]
719,destroyer,[-1]
720,destructief,[-1]
721,deugd,[1]
722,deugdelijk,[1]
723,deugdzaam,[1]
724,deuk,[-1]
725,devil,[-1]
726,diagram,[-1]
727,diameter,[-1]
728,diarree,[-1]
729,dicht,[-1]
730,dictator,[-1]
731,dictatoriaal,[-1]
732,die,[-1]
733,died,[-1]
734,diefstal,[-1]
735,dienaar,[-1]
736,dienstbaar,[-1]
737,dienstbaarheid,[-1]
738,diep,[1]
739,diepgaand,[1]
740,dierlijk,[-1]
741,dies,[-1]
742,dik,[-1]
743,dikker,[-1]
744,dilemma,[-1]
745,din,[-1]
746,ding,[-1]
747,diplomatiek,[1]
748,direct,[1]
749,dirty,[-1]
750,discontinuïteit,[-1]
751,discriminatie,[-1]
752,discriminerende,[-1]
753,diskrediet,[-1]
754,disorder,[-1]
755,dispuut,[-1]
756,diss,[-1]
757,dissident,[-1]
758,dissidenten,[-1]
759,dissonant,[-1]
760,distortion,[-1]
761,diversen,[-1]
762,dobbelsteen,[-1]
763,dode,[-1]
764,dodelijk,[-1]
765,doden,[-1]
766,doelbewust,[1]
767,doeltreffend,[1]
768,doen,[-1]
769,dof,[-1]
770,dogmatisch,[-1]
771,dol,[-1]
772,dolblij,[1]
773,dom,[-1]
774,domheid,[-1]
775,domineert,[1]
776,domme,[-1]
777,donker,[-1]
778,donkerder,[-1]
779,dood,[-1]
780,doodgaan,[-1]
781,doodt,[-1]
782,doof,[-1]
783,doorbraak,[1]
784,doorbraken,[1]
785,doorbreken,[-1]
786,doordacht,[1]
787,doorschijnend,[1]
788,doorslaand,[1]
789,doorslaggevend,[1]
790,doorzichtig,[1]
791,dor,[-1]
792,dorst,[-1]
793,dove,[-1]
794,doven,[-1]
795,draagbaar,[1]
796,draagvermogen,[-1]
797,draai,[-1]
798,draaien,[-1]
799,drag,[-1]
800,drang,[-1]
801,drastisch,[-1]
802,dreigen,[-1]
803,dreigend,[-1]
804,dreigende,[-1]
805,drietal,[-1]
806,drijvend,[1]
807,dringend,[-1]
808,droefheid,[-1]
809,droevig,[-1]
810,drogreden,[-1]
811,drogredenen,[-1]
812,dromer,[1]
813,drones,[-1]
814,dronkaard,[-1]
815,dronken,[-1]
816,droog,[-1]
817,droogte,[-1]
818,drugs,[-1]
819,druk,[-1]
820,dubbelzinnig,[-1]
821,dubbelzinnigheid,[-1]
822,dubieus,[-1]
823,duidelijk,[1]
824,duidelijker,[1]
825,duister,[-1]
826,duisternis,[-1]
827,duivel,[-1]
828,duivels,[-1]
829,dump,[-1]
830,dumpen,[-1]
831,dun,[-1]
832,dupe,[-1]
833,duur,[-1]
834,duurzaam,[1]
835,duurzaamheid,[1]
836,duurzame,[1]
837,dwaalgast,[-1]
838,dwaas,[-1]
839,dwaasheid,[-1]
840,dwalen,[-1]
841,dwaling,[-1]
842,dwang,[-1]
843,dwangmatig,[-1]
844,dwars,[-1]
845,dwarsbomen,[-1]
846,dwerg,[-1]
847,dwingen,[-1]
848,dynamic,[1]
849,dynamisch,[1]
850,dynamische,[1]
851,easy,[1]
852,echt,[1]
853,economisch,[1]
854,edel,[1]
855,edele,[1]
856,edelsteen,[1]
857,edelstenen,[1]
858,eenduidig,[1]
859,eenheid,[1]
860,eenvoudig,[1]
861,eenvoudiger,[1]
862,eenvoudigste,[1]
863,eenzaam,[-1]
864,eenzaamheid,[-1]
865,eenzame,[-1]
866,eer,[1]
867,eerbetoon,[1]
868,eerbied,[1]
869,eerlijk,[1]
870,eerlijkheid,[1]
871,eerste,[1]
872,eersteklas,[1]
873,eervol,[1]
874,eeuwig,[1]
875,effectief,[1]
876,effectiviteit,[1]
877,effen,[1]
878,efficiënt,[1]
879,egaal,[1]
880,egoïsme,[-1]
881,egoïstisch,[-1]
882,egoïstische,[-1]
883,eigenaardigheden,[-1]
884,eigenlijk,[1]
885,eigenwijs,[-1]
886,eigenzinnig,[-1]
887,eindeloos,[1]
888,eitje,[1]
889,elegant,[1]
890,elegante,[1]
891,elegantie,[1]
892,elektrificeren,[1]
893,eliminatie,[-1]
894,elitair,[1]
895,elitaire,[1]
896,elite,[1]
897,ellende,[-1]
898,eminent,[1]
899,empathie,[1]
900,energiek,[1]
901,eng,[-1]
902,engagement,[1]
903,engel,[1]
904,engte,[-1]
905,enorm,[1]
906,enough,[1]
907,enten,[-1]
908,enthousiasme,[1]
909,enthousiast,[1]
910,epidemie,[-1]
911,erbarmelijk,[-1]
912,eren,[1]
913,ergens,[-1]
914,erger,[-1]
915,ergeren,[-1]
916,ergernis,[-1]
917,ergert,[-1]
918,ernstig,[1]
919,eroderen,[-1]
920,erosie,[-1]
921,error,[-1]
922,ethisch,[1]
923,euforie,[1]
924,euvel,[-1]
925,evenknie,[1]
926,evenwicht,[1]
927,evenwichtige,[1]
928,exact,[1]
929,excentriciteit,[-1]
930,excentriek,[-1]
931,excuses,[-1]
932,excuus,[-1]
933,expert,[1]
934,exploderen,[-1]
935,exploitatie,[-1]
936,exploiteren,[-1]
937,explosie,[-1]
938,explosief,[-1]
939,extase,[1]
940,extreem,[-1]
941,extremisme,[-1]
942,extremisten,[-1]
943,extremistische,[-1]
944,faalt,[-1]
945,faam,[1]
946,fabriceren,[-1]
947,faciliteiten,[1]
948,failure,[-1]
949,fair,[1]
950,faith,[1]
951,fakkels,[-1]
952,falen,[-1]
953,fall,[-1]
954,false,[-1]
955,famous,[1]
956,fanatiek,[-1]
957,fanatisme,[-1]
958,fanfare,[1]
959,fans,[1]
960,fantasierijke,[1]
961,fantastisch,[1]
962,fascisme,[-1]
963,fascist,[-1]
964,fascistisch,[-1]
965,fast,[1]
966,fat,[-1]
967,fataal,[-1]
968,fatale,[-1]
969,fatsoen,[1]
970,fatsoenlijk,[1]
971,favoriet,[1]
972,fear,[-1]
973,feat,[1]
974,feest,[1]
975,feestelijk,[1]
976,feestelijke,[1]
977,feilloos,[1]
978,feliciteren,[1]
979,fenomenaal,[1]
980,fervent,[1]
981,fiasco,[-1]
982,fictie,[-1]
983,fictief,[-1]
984,fiction,[-1]
985,fier,[1]
986,figuurlijk,[1]
987,fijn,[1]
988,fijnere,[1]
989,fijnste,[1]
990,fine,[1]
991,flauw,[-1]
992,flexibel,[1]
993,flexibele,[1]
994,flexibiliteit,[1]
995,flirt,[-1]
996,flirten,[-1]
997,flop,[-1]
998,fobie,[-1]
999,foltering,[-1]
1000,fond,[1]
1001,forceren,[-1]
1002,formeel,[-1]
1003,fors,[-1]
1004,fortuin,[1]
1005,fout,[-1]
1006,fouten,[-1]
1007,foutief,[-1]
1008,foutloos,[1]
1009,fraai,[1]
1010,fraude,[-1]
1011,fraudeur,[-1]
1012,free,[1]
1013,freedom,[1]
1014,fret,[-1]
1015,fris,[1]
1016,frisse,[-1]
1017,frustratie,[-1]
1018,frustraties,[-1]
1019,frustrerend,[-1]
1020,fuck,[-1]
1021,fun,[1]
1022,fundamentalisme,[-1]
1023,fundering,[-1]
1024,funky,[-1]
1025,furore,[-1]
1026,fut,[1]
1027,futuristisch,[1]
1028,futuristische,[1]
1029,gaarne,[1]
1030,gaffel,[-1]
1031,gal,[-1]
1032,galblaas,[-1]
1033,gallen,[-1]
1034,gangster,[-1]
1035,garanderen,[1]
1036,garantie,[1]
1037,garanties,[1]
1038,gastvrij,[1]
1039,gat,[-1]
1040,gealarmeerd,[-1]
1041,gebakken,[-1]
1042,gebarsten,[-1]
1043,gebeuren,[1]
1044,geblesseerd,[-1]
1045,geblokt,[-1]
1046,geboeid,[1]
1047,gebogen,[-1]
1048,gebrek,[-1]
1049,gebreken,[-1]
1050,gebrekkig,[-1]
1051,gebroken,[-1]
1052,gebruik,[-1]
1053,gecastreerd,[-1]
1054,geconcentreerd,[1]
1055,gedachtenis,[1]
1056,gedeeltelijk,[-1]
1057,gedegenereerd,[-1]
1058,gedempt,[-1]
1059,gedesillusioneerd,[-1]
1060,gedetailleerd,[1]
1061,gedijen,[1]
1062,gediplomeerd,[1]
1063,gedoe,[-1]
1064,gedoemd,[-1]
1065,gedomineerd,[1]
1066,gedood,[-1]
1067,gedraaid,[-1]
1068,gedragen,[-1]
1069,geducht,[1]
1070,geduld,[1]
1071,geduldig,[1]
1072,gedumpt,[-1]
1073,gedupeerde,[-1]
1074,gedwongen,[-1]
1075,geestdrift,[1]
1076,geestelijk,[1]
1077,geestelijke,[1]
1078,geestig,[1]
1079,gefeliciteerd,[1]
1080,gefrustreerd,[-1]
1081,gegrond,[1]
1082,gehaat,[-1]
1083,gehandicapt,[-1]
1084,gehandicapten,[-1]
1085,gehard,[-1]
1086,gehavend,[-1]
1087,gehavende,[-1]
1088,geheel,[1]
1089,geheim,[-1]
1090,geheimzinnig,[-1]
1091,geherstructureerd,[1]
1092,gehinderd,[-1]
1093,geholpen,[1]
1094,gehoorzaamheid,[1]
1095,gehuld,[-1]
1096,gehuurd,[-1]
1097,gejuich,[1]
1098,gek,[-1]
1099,geknoopt,[-1]
1100,gekoesterd,[1]
1101,gekraakt,[-1]
1102,gekrast,[-1]
1103,gekruid,[1]
1104,gekweld,[-1]
1105,gekwetst,[-1]
1106,geldboete,[1]
1107,gelede,[1]
1108,geleed,[1]
1109,geleerd,[1]
1110,geleid,[1]
1111,geliefd,[1]
1112,geliefde,[1]
1113,gelijk,[1]
1114,gelijke,[1]
1115,gelijkmatig,[1]
1116,gelogen,[-1]
1117,geloof,[1]
1118,geloofwaardig,[1]
1119,geloven,[1]
1120,geluid,[-1]
1121,geluiden,[-1]
1122,geluk,[1]
1123,gelukkig,[1]
1124,gelukkiger,[1]
1125,gelukt,[1]
1126,gem,[1]
1127,gemak,[1]
1128,gemakkelijk,[1]
1129,gemakkelijker,[1]
1130,gemakkelijkste,[1]
1131,gemeden,[-1]
1132,gemeen,[-1]
1133,gemene,[-1]
1134,gemengd,[-1]
1135,gemis,[-1]
1136,gemist,[-1]
1137,gemoed,[-1]
1138,gemotiveerd,[1]
1139,gemotiveerde,[1]
1140,genade,[1]
1141,genadeloos,[-1]
1142,genegenheid,[1]
1143,genezen,[1]
1144,genezing,[1]
1145,geniaal,[1]
1146,genie,[1]
1147,geniet,[1]
1148,genieten,[1]
1149,genius,[1]
1150,genocide,[-1]
1151,genoeg,[1]
1152,genoegen,[1]
1153,genot,[1]
1154,genoten,[1]
1155,geoefend,[1]
1156,gepast,[1]
1157,gepatenteerd,[-1]
1158,geperfectioneerd,[1]
1159,geplakt,[-1]
1160,gepolijst,[1]
1161,geraffineerd,[1]
1162,gerecht,[1]
1163,gerechtigheid,[1]
1164,gereed,[1]
1165,gerenommeerd,[1]
1166,gereserveerd,[-1]
1167,gering,[-1]
1168,gerucht,[-1]
1169,geruchten,[-1]
1170,geruisloos,[1]
1171,geruïneerd,[-1]
1172,geschaad,[-1]
1173,gescheurd,[-1]
1174,geschikt,[1]
1175,geschil,[-1]
1176,geschokt,[-1]
1177,geschoold,[1]
1178,geschreeuw,[-1]
1179,geschroefd,[-1]
1180,geslaagd,[1]
1181,gesleept,[-1]
1182,gesloten,[-1]
1183,gesmeed,[-1]
1184,gesmoord,[-1]
1185,gesneuvelde,[-1]
1186,gesp,[-1]
1187,gespannen,[-1]
1188,gespen,[-1]
1189,gestaakt,[-1]
1190,gestampt,[-1]
1191,gestileerde,[1]
1192,gestolen,[-1]
1193,gestoord,[-1]
1194,gestorven,[-1]
1195,gestoten,[-1]
1196,gestrand,[-1]
1197,gestroomlijnd,[1]
1198,gesubsidieerde,[1]
1199,getalenteerd,[1]
1200,getand,[-1]
1201,getrouw,[1]
1202,getrouwe,[1]
1203,getto,[-1]
1204,getuigen,[1]
1205,geuren,[-1]
1206,gevaar,[-1]
1207,gevaarlijk,[-1]
1208,gevaarlijke,[-1]
1209,gevangen,[-1]
1210,gevangene,[-1]
1211,gevangenis,[-1]
1212,gevangenisstraf,[-1]
1213,gevangenschap,[-1]
1214,gevat,[1]
1215,gevecht,[-1]
1216,geven,[1]
1217,gevierd,[1]
1218,gevierde,[1]
1219,gevlekt,[-1]
1220,gevlucht,[-1]
1221,gevoel,[1]
1222,gevoelig,[1]
1223,gevorderd,[1]
1224,gevreesde,[-1]
1225,gewaardeerd,[1]
1226,geweigerd,[-1]
1227,gewelddadig,[-1]
1228,geweldig,[1]
1229,gewijd,[1]
1230,gewild,[1]
1231,gewillig,[1]
1232,gewist,[1]
1233,gewond,[-1]
1234,gewonnen,[1]
1235,gewoon,[-1]
1236,gezaghebbend,[1]
1237,gezakt,[-1]
1238,gezellig,[1]
1239,gezet,[-1]
1240,gezichtspunt,[-1]
1241,gezond,[1]
1242,gezonken,[-1]
1243,gezwollen,[-1]
1244,geëerd,[1]
1245,geïnfecteerde,[-1]
1246,geïntegreerd,[1]
1247,geïsoleerd,[-1]
1248,gierzwaluw,[1]
1249,gif,[-1]
1250,giftig,[-1]
1251,gijzelaar,[-1]
1252,gimmick,[-1]
1253,glad,[1]
1254,gladder,[1]
1255,gladheid,[1]
1256,glans,[1]
1257,glanzend,[1]
1258,glimlach,[1]
1259,glimmend,[1]
1260,glorie,[1]
1261,goddelijk,[1]
1262,godslastering,[-1]
1263,goed,[1]
1264,goede,[1]
1265,goedheid,[1]
1266,goedkeuren,[1]
1267,goedkeuring,[1]
1268,goedkoopste,[1]
1269,goedkope,[1]
1270,goedkoper,[1]
1271,gold,[1]
1272,golden,[1]
1273,good,[1]
1274,goodwill,[1]
1275,goot,[-1]
1276,gootsteen,[-1]
1277,goud,[1]
1278,gouden,[1]
1279,goudkleurig,[1]
1280,graag,[1]
1281,grafiek,[-1]
1282,grand,[1]
1283,grandeur,[1]
1284,grap,[-1]
1285,grappig,[-1]
1286,gratie,[1]
1287,gratis,[1]
1288,great,[1]
1289,greatest,[1]
1290,greep,[-1]
1291,grens,[-1]
1292,grenzen,[-1]
1293,gretig,[1]
1294,grieven,[-1]
1295,grijpen,[-1]
1296,grillig,[-1]
1297,grimmig,[-1]
1298,grind,[-1]
1299,groen,[1]
1300,groet,[1]
1301,groeten,[1]
1302,grof,[-1]
1303,grondig,[1]
1304,groot,[1]
1305,grootheid,[1]
1306,groots,[1]
1307,grootsheid,[1]
1308,grootst,[1]
1309,gros,[-1]
1310,grot,[-1]
1311,gruwel,[-1]
1312,gruwelijk,[-1]
1313,gunnen,[1]
1314,gunst,[1]
1315,gunstig,[1]
1316,haag,[-1]
1317,haai,[-1]
1318,haalbaar,[1]
1319,haalbare,[1]
1320,haast,[-1]
1321,haastig,[-1]
1322,haat,[-1]
1323,hack,[-1]
1324,hagel,[1]
1325,hakken,[-1]
1326,handhaven,[1]
1327,handig,[1]
1328,hang,[-1]
1329,hangen,[-1]
1330,hangt,[-1]
1331,happy,[1]
1332,hard,[-1]
1333,harde,[-1]
1334,harden,[-1]
1335,hardop,[-1]
1336,harmonie,[1]
1337,harmonieus,[1]
1338,harmonisch,[1]
1339,hartelijk,[1]
1340,hartstocht,[1]
1341,hartstochtelijk,[1]
1342,hate,[-1]
1343,haten,[-1]
1344,hausse,[1]
1345,haven,[-1]
1346,havens,[-1]
1347,heaven,[1]
1348,hebzucht,[-1]
1349,hectische,[-1]
1350,heerlijk,[1]
1351,heerlijkheid,[1]
1352,heerschap,[-1]
1353,heet,[1]
1354,hefboom,[1]
1355,heftig,[-1]
1356,hegemonie,[-1]
1357,heiden,[-1]
1358,heidens,[-1]
1359,heil,[1]
1360,heilig,[1]
1361,heilige,[1]
1362,heiligen,[1]
1363,heiligschennis,[-1]
1364,heilzaam,[1]
1365,heimelijk,[-1]
1366,hekel,[-1]
1367,hel,[-1]
1368,helaas,[-1]
1369,held,[1]
1370,heldendaad,[-1]
1371,helder,[1]
1372,helderder,[1]
1373,helderheid,[1]
1374,helderste,[1]
1375,helderziende,[1]
1376,heldhaftig,[1]
1377,heldin,[1]
1378,helemaal,[1]
1379,helen,[1]
1380,hell,[-1]
1381,hellend,[-1]
1382,helling,[-1]
1383,helpen,[1]
1384,hemel,[1]
1385,hemels,[1]
1386,hendel,[1]
1387,herbergen,[-1]
1388,herdenking,[1]
1389,herhaling,[-1]
1390,herleven,[1]
1391,herleving,[1]
1392,hero,[1]
1393,heropleving,[1]
1394,heroïsch,[1]
1395,herrie,[-1]
1396,herroepen,[-1]
1397,herstel,[1]
1398,hersteld,[1]
1399,herstellen,[1]
1400,herstructureren,[1]
1401,herstructurering,[1]
1402,hervormd,[1]
1403,hervormen,[1]
1404,hervorming,[1]
1405,hervormingen,[1]
1406,herwinnen,[1]
1407,herzien,[1]
1408,hevig,[-1]
1409,hield,[1]
1410,hilarisch,[1]
1411,hinder,[-1]
1412,hinderen,[-1]
1413,hinderlaag,[-1]
1414,hinderlijk,[-1]
1415,hindernis,[-1]
1416,hoax,[-1]
1417,hoeksteen,[1]
1418,hoer,[-1]
1419,hol,[-1]
1420,hommage,[1]
1421,homo,[-1]
1422,homoseksueel,[-1]
1423,hongersnood,[-1]
1424,hoofdpijn,[-1]
1425,hoofdrolspeler,[1]
1426,hoog,[1]
1427,hoogst,[1]
1428,hoogste,[1]
1429,hoogtepunt,[1]
1430,hoogteverschil,[-1]
1431,hoogverraad,[-1]
1432,hoopvol,[1]
1433,hoorbaar,[1]
1434,hopeloos,[-1]
1435,horde,[-1]
1436,hot,[1]
1437,houdt,[1]
1438,huiduitslag,[-1]
1439,huilen,[-1]
1440,huisvuil,[-1]
1441,huiswerk,[-1]
1442,hulde,[1]
1443,hulp,[1]
1444,hulpeloos,[-1]
1445,humaan,[1]
1446,humane,[1]
1447,humor,[1]
1448,humoristisch,[1]
1449,huurling,[-1]
1450,hype,[-1]
1451,hypocrisie,[-1]
1452,hypothetisch,[-1]
1453,hysterie,[-1]
1454,hysterisch,[-1]
1455,ideaal,[1]
1456,idealist,[1]
1457,idioot,[-1]
1458,idyllisch,[1]
1459,ietwat,[1]
1460,ijdel,[-1]
1461,ijdelheid,[-1]
1462,ijskoud,[-1]
1463,ijver,[1]
1464,ijverig,[1]
1465,illegaal,[-1]
1466,illusie,[-1]
1467,illusies,[-1]
1468,illustere,[1]
1469,imitatie,[-1]
1470,imiteren,[-1]
1471,immens,[1]
1472,immense,[1]
1473,impasse,[-1]
1474,impedantie,[-1]
1475,implicatie,[-1]
1476,impliceren,[-1]
1477,imponeren,[1]
1478,important,[1]
1479,imposant,[1]
1480,improved,[1]
1481,impulsief,[-1]
1482,inactief,[-1]
1483,inademen,[1]
1484,inademing,[1]
1485,inbreuk,[-1]
1486,inbreuken,[-1]
1487,incident,[-1]
1488,incompetent,[-1]
1489,incompetentie,[-1]
1490,incompleet,[-1]
1491,incomplete,[-1]
1492,inconsequent,[-1]
1493,inconsistent,[-1]
1494,incorrect,[-1]
1495,indienen,[1]
1496,indringer,[-1]
1497,indringers,[-1]
1498,indruk,[1]
1499,indrukwekkend,[1]
1500,ineenstorten,[-1]
1501,ineenstorting,[-1]
1502,infectie,[-1]
1503,infecties,[-1]
1504,inferieur,[-1]
1505,inferior,[-1]
1506,ingehaald,[1]
1507,ingenieus,[1]
1508,ingewikkelde,[-1]
1509,inhalen,[1]
1510,inlichtingendienst,[1]
1511,innig,[1]
1512,innovatie,[1]
1513,innovatieve,[1]
1514,inschrijving,[1]
1515,insect,[-1]
1516,inspanning,[-1]
1517,inspiratie,[1]
1518,inspireren,[1]
1519,inspirerende,[1]
1520,instabiliteit,[-1]
1521,instemming,[1]
1522,instorten,[-1]
1523,instorting,[-1]
1524,instrumentaal,[1]
1525,integer,[1]
1526,integraal,[1]
1527,integreren,[1]
1528,intelligence,[1]
1529,intelligent,[1]
1530,intelligentie,[1]
1531,intense,[-1]
1532,interessant,[1]
1533,interferentie,[-1]
1534,intiem,[1]
1535,intimidatie,[-1]
1536,intimideren,[-1]
1537,intimiteit,[1]
1538,intrekken,[-1]
1539,intrige,[1]
1540,intuïtief,[1]
1541,inval,[-1]
1542,invalid,[-1]
1543,invalide,[-1]
1544,invasieve,[-1]
1545,invloed,[1]
1546,invloedrijk,[1]
1547,ironie,[-1]
1548,ironisch,[-1]
1549,irrationaal,[-1]
1550,irrationeel,[-1]
1551,irrationele,[-1]
1552,irrelevant,[-1]
1553,irritant,[-1]
1554,irritatie,[-1]
1555,irriteren,[-1]
1556,irriterend,[-1]
1557,isolatie,[-1]
1558,isolatiemateriaal,[-1]
1559,isoleren,[-1]
1560,issue,[-1]
1561,issues,[-1]
1562,jaloezie,[-1]
1563,jam,[-1]
1564,jammer,[-1]
1565,jammerlijk,[-1]
1566,jeugdig,[1]
1567,jeuk,[-1]
1568,job,[1]
1569,joker,[-1]
1570,juffrouw,[-1]
1571,juichen,[1]
1572,juist,[1]
1573,junk,[-1]
1574,juweel,[1]
1575,kaal,[-1]
1576,kabaal,[-1]
1577,kaf,[-1]
1578,kalm,[1]
1579,kalmeren,[1]
1580,kalmte,[1]
1581,kampioen,[1]
1582,kanker,[-1]
1583,kannibaal,[-1]
1584,kans,[1]
1585,kansloos,[-1]
1586,kantelen,[-1]
1587,kapot,[-1]
1588,kapseizen,[-1]
1589,karakter,[-1]
1590,karakteristiek,[-1]
1591,karig,[-1]
1592,karikatuur,[-1]
1593,karper,[-1]
1594,karwei,[-1]
1595,kaskraker,[1]
1596,kauwen,[1]
1597,keerpunt,[-1]
1598,keihard,[-1]
1599,kerker,[-1]
1600,kerkers,[-1]
1601,kermis,[1]
1602,ketter,[-1]
1603,ketterij,[-1]
1604,ketters,[-1]
1605,keurig,[1]
1606,keurmerk,[1]
1607,kever,[-1]
1608,kijken,[-1]
1609,kill,[-1]
1610,kille,[-1]
1611,killed,[-1]
1612,killer,[-1]
1613,kills,[-1]
1614,kind,[-1]
1615,kinderachtig,[-1]
1616,klaagde,[-1]
1617,klaagt,[-1]
1618,klaar,[1]
1619,klacht,[-1]
1620,klachten,[-1]
1621,klagen,[-1]
1622,klakkeloos,[-1]
1623,klap,[-1]
1624,klappen,[1]
1625,klassiek,[1]
1626,klein,[-1]
1627,klemtoon,[-1]
1628,klep,[-1]
1629,kletsen,[-1]
1630,kleuren,[-1]
1631,kleurloos,[-1]
1632,kleurrijk,[1]
1633,kleverig,[-1]
1634,kliek,[-1]
1635,klinken,[-1]
1636,klomp,[-1]
1637,kloof,[-1]
1638,klop,[-1]
1639,kloppen,[-1]
1640,klucht,[-1]
1641,kluis,[1]
1642,knagen,[-1]
1643,knal,[-1]
1644,knap,[1]
1645,knappe,[1]
1646,knecht,[-1]
1647,knijpen,[-1]
1648,knobbel,[-1]
1649,knock,[-1]
1650,knol,[-1]
1651,knoop,[-1]
1652,knopen,[-1]
1653,knuffel,[1]
1654,koel,[1]
1655,koele,[-1]
1656,koesteren,[1]
1657,koken,[-1]
1658,komisch,[-1]
1659,kont,[-1]
1660,kook,[-1]
1661,kookpunt,[-1]
1662,koorts,[-1]
1663,koppelen,[-1]
1664,koppig,[-1]
1665,korrelig,[-1]
1666,kosteloos,[1]
1667,kou,[-1]
1668,koud,[-1]
1669,koude,[-1]
1670,krabben,[-1]
1671,krachtig,[1]
1672,kraken,[-1]
1673,krankzinnig,[-1]
1674,krankzinnige,[-1]
1675,krankzinnigheid,[-1]
1676,krap,[-1]
1677,kras,[1]
1678,krassen,[-1]
1679,krediet,[1]
1680,kreupel,[-1]
1681,kreupele,[-1]
1682,krijgen,[1]
1683,kritiek,[-1]
1684,kritisch,[-1]
1685,krom,[-1]
1686,krommen,[-1]
1687,kronen,[1]
1688,kronkelend,[-1]
1689,kroop,[-1]
1690,kroost,[-1]
1691,kruiden,[1]
1692,kruip,[-1]
1693,kruipen,[-1]
1694,kruis,[1]
1695,krullen,[1]
1696,kuisheid,[1]
1697,kundig,[1]
1698,kuur,[1]
1699,kwaad,[-1]
1700,kwaadaardig,[-1]
1701,kwaal,[-1]
1702,kwade,[-1]
1703,kwakzalver,[-1]
1704,kwalificeren,[1]
1705,kwesties,[-1]
1706,kwetsbaar,[-1]
1707,kwetsbaarheid,[-1]
1708,kwetsen,[-1]
1709,kwetsend,[-1]
1710,kwijtschelding,[1]
1711,lach,[1]
1712,laf,[-1]
1713,lafaard,[-1]
1714,lag,[-1]
1715,lam,[-1]
1716,landloper,[-1]
1717,landverraad,[-1]
1718,langdurig,[-1]
1719,langzaam,[-1]
1720,langzaamaan,[-1]
1721,langzamere,[-1]
1722,last,[-1]
1723,laster,[-1]
1724,lastig,[-1]
1725,lastiggevallen,[-1]
1726,lastigvallen,[-1]
1727,laten,[-1]
1728,lauw,[-1]
1729,lawaai,[-1]
1730,lawine,[-1]
1731,lead,[1]
1732,leading,[1]
1733,led,[1]
1734,leed,[-1]
1735,leegte,[-1]
1736,leerzaam,[1]
1737,leesbaar,[1]
1738,legendarisch,[1]
1739,leiden,[1]
1740,leidend,[1]
1741,leiding,[1]
1742,leidraad,[1]
1743,leidt,[1]
1744,lek,[-1]
1745,lekkage,[-1]
1746,lekken,[-1]
1747,lekkende,[-1]
1748,lekker,[1]
1749,lekkere,[1]
1750,lekkernij,[1]
1751,lelijk,[-1]
1752,lemmet,[-1]
1753,lengte,[1]
1754,lenig,[1]
1755,letsel,[-1]
1756,leugen,[-1]
1757,leugenaar,[-1]
1758,leuk,[1]
1759,leunen,[1]
1760,levend,[1]
1761,levendig,[1]
1762,levenloos,[-1]
1763,lezen,[-1]
1764,liberty,[1]
1765,lichter,[1]
1766,lie,[-1]
1767,lied,[-1]
1768,lief,[1]
1769,liefde,[1]
1770,liefhebben,[1]
1771,liefje,[1]
1772,liegen,[-1]
1773,lies,[-1]
1774,lieve,[1]
1775,lieveling,[1]
1776,liggen,[-1]
1777,ligging,[-1]
1778,ligt,[-1]
1779,lijden,[-1]
1780,lijdend,[-1]
1781,lijders,[-1]
1782,lijdt,[-1]
1783,lijk,[-1]
1784,lijkwade,[-1]
1785,lijn,[1]
1786,like,[1]
1787,limiet,[-1]
1788,limit,[-1]
1789,limited,[-1]
1790,links,[-1]
1791,litteken,[-1]
1792,littekens,[-1]
1793,loden,[1]
1794,loer,[-1]
1795,lof,[1]
1796,log,[-1]
1797,logisch,[1]
1798,lokaas,[-1]
1799,lol,[-1]
1800,lood,[1]
1801,loon,[1]
1802,loos,[-1]
1803,loot,[-1]
1804,lopen,[-1]
1805,losbandig,[-1]
1806,losbandigheid,[-1]
1807,lose,[-1]
1808,losmaken,[-1]
1809,loss,[-1]
1810,lossen,[-1]
1811,lost,[-1]
1812,lot,[1]
1813,love,[1]
1814,loved,[1]
1815,loves,[1]
1816,loving,[1]
1817,loyaal,[1]
1818,loyaliteit,[1]
1819,lucht,[1]
1820,luchtafweergeschut,[-1]
1821,luchten,[-1]
1822,luchtweerstand,[-1]
1823,lucky,[1]
1824,lui,[-1]
1825,luid,[-1]
1826,luide,[-1]
1827,luiden,[-1]
1828,luider,[-1]
1829,luidruchtig,[-1]
1830,luiheid,[-1]
1831,luister,[1]
1832,lukraak,[-1]
1833,lusten,[1]
1834,lustrum,[1]
1835,luxe,[1]
1836,luxueus,[1]
1837,lyrisch,[1]
1838,macht,[-1]
1839,machteloos,[-1]
1840,machtig,[1]
1841,machtigen,[1]
1842,made,[1]
1843,magic,[1]
1844,magie,[1]
1845,magisch,[1]
1846,majesteit,[1]
1847,maken,[-1]
1848,makkelijk,[1]
1849,mal,[-1]
1850,malaise,[-1]
1851,malen,[-1]
1852,manie,[-1]
1853,manifestatie,[-1]
1854,manipulatie,[-1]
1855,manipuleren,[-1]
1856,mank,[-1]
1857,mankement,[-1]
1858,mar,[-1]
1859,marginaal,[-1]
1860,marionet,[-1]
1861,marionetten,[-1]
1862,markant,[1]
1863,marteldood,[-1]
1864,martelen,[-1]
1865,marteling,[-1]
1866,martelingen,[-1]
1867,massief,[1]
1868,master,[1]
1869,masters,[1]
1870,mat,[-1]
1871,matigen,[-1]
1872,matrijs,[-1]
1873,matte,[-1]
1874,maximaal,[1]
1875,maximum,[1]
1876,mededogen,[1]
1877,medeplichtig,[-1]
1878,meedogenloos,[-1]
1879,meegeven,[1]
1880,meester,[1]
1881,meesterlijke,[1]
1882,meesterschap,[1]
1883,meesterwerk,[1]
1884,meesterwerken,[1]
1885,meevoeren,[1]
1886,meid,[-1]
1887,melancholie,[-1]
1888,melancholisch,[-1]
1889,merkbaar,[1]
1890,mes,[-1]
1891,messing,[-1]
1892,met,[-1]
1893,mevrouw,[-1]
1894,middelen,[-1]
1895,middelmatig,[-1]
1896,mild,[-1]
1897,milder,[1]
1898,min,[-1]
1899,minachting,[-1]
1900,mindere,[-1]
1901,miniatuur,[-1]
1902,minnaar,[1]
1903,minutieus,[1]
1904,mirakel,[1]
1905,mis,[-1]
1906,misbruik,[-1]
1907,misbruiken,[-1]
1908,misbruikt,[-1]
1909,misdaad,[-1]
1910,misdadiger,[-1]
1911,mishandelen,[-1]
1912,mishandeling,[-1]
1913,misleid,[-1]
1914,misleiden,[-1]
1915,misleidend,[-1]
1916,misleiding,[-1]
1917,mislukken,[-1]
1918,mislukking,[-1]
1919,mislukkingen,[-1]
1920,mislukte,[-1]
1921,misplaatst,[-1]
1922,miss,[-1]
1923,misselijk,[-1]
1924,missen,[-1]
1925,misser,[-1]
1926,mist,[-1]
1927,misvatting,[-1]
1928,misvattingen,[-1]
1929,misverstand,[-1]
1930,misverstanden,[-1]
1931,misvormd,[-1]
1932,modderig,[-1]
1933,modern,[1]
1934,moderniseren,[1]
1935,moe,[-1]
1936,moed,[1]
1937,moedig,[1]
1938,moeilijkheden,[-1]
1939,moeilijkheid,[-1]
1940,moeite,[-1]
1941,moeiteloos,[1]
1942,moeizaam,[-1]
1943,moeras,[-1]
1944,mogelijk,[1]
1945,monotoon,[-1]
1946,monster,[-1]
1947,monumentaal,[1]
1948,mooi,[1]
1949,mooie,[1]
1950,mooier,[1]
1951,moord,[-1]
1952,moorden,[-1]
1953,moordenaar,[-1]
1954,moordend,[-1]
1955,mop,[-1]
1956,moraliteit,[1]
1957,morbide,[-1]
1958,motiveren,[1]
1959,muiterij,[-1]
1960,muteren,[-1]
1961,mysterie,[-1]
1962,mysterieus,[-1]
1963,mystery,[-1]
1964,mythe,[-1]
1965,naadloos,[1]
1966,naaien,[-1]
1967,naakt,[-1]
1968,naam,[1]
1969,naar,[-1]
1970,nachtmerrie,[-1]
1971,nadeel,[-1]
1972,nadelen,[-1]
1973,nadelig,[-1]
1974,nadelige,[-1]
1975,nadoen,[-1]
1976,nadrukkelijk,[-1]
1977,nagemaakt,[-1]
1978,nalaten,[-1]
1979,nalatigheid,[-1]
1980,namaak,[-1]
1981,nastreven,[1]
1982,natuurramp,[-1]
1983,nauwelijks,[-1]
1984,nauwgezet,[1]
1985,nauwkeurig,[1]
1986,naïef,[-1]
1987,nederigheid,[1]
1988,nederlaag,[1]
1989,nederlagen,[1]
1990,neerbuigend,[-1]
1991,neergang,[-1]
1992,neergeslagen,[-1]
1993,neerslaan,[-1]
1994,neerslag,[-1]
1995,neerstorten,[-1]
1996,negatie,[-1]
1997,negatief,[-1]
1998,negatieven,[-1]
1999,negeren,[-1]
2000,neiging,[-1]
2001,nep,[-1]
2002,nepotisme,[-1]
2003,nerveus,[-1]
2004,nervositeit,[-1]
2005,net,[1]
2006,netjes,[1]
2007,netto,[1]
2008,nevel,[-1]
2009,nevels,[-1]
2010,niet,[-1]
2011,nieuw,[1]
2012,nieuwigheid,[1]
2013,nobel,[1]
2014,nogal,[1]
2015,noise,[-1]
2016,nonsens,[-1]
2017,nood,[-1]
2018,noodlottig,[-1]
2019,noot,[-1]
2020,notoir,[-1]
2021,nuchter,[-1]
2022,nul,[1]
2023,nutteloos,[-1]
2024,nuttig,[1]
2025,oase,[1]
2026,object,[-1]
2027,obscene,[-1]
2028,obscure,[-1]
2029,obsessie,[1]
2030,obstakel,[-1]
2031,obstructie,[-1]
2032,oefening,[-1]
2033,offensief,[-1]
2034,offeren,[-1]
2035,omhelzen,[1]
2036,omhelzing,[1]
2037,omkomen,[-1]
2038,omringen,[-1]
2039,omsingeld,[-1]
2040,omslaan,[-1]
2041,omslachtig,[-1]
2042,omstreden,[-1]
2043,omvallen,[-1]
2044,omvangrijk,[-1]
2045,omvattend,[1]
2046,omverwerpen,[-1]
2047,omverwerping,[-1]
2048,omwenteling,[-1]
2049,onaangenaam,[-1]
2050,onaangetast,[1]
2051,onaantastbaar,[1]
2052,onaantrekkelijk,[-1]
2053,onaanvaardbaar,[-1]
2054,onafgewerkt,[-1]
2055,onafwendbaar,[-1]
2056,onbalans,[-1]
2057,onbeduidend,[-1]
2058,onbegrensd,[1]
2059,onbegrepen,[-1]
2060,onbegrijpelijk,[-1]
2061,onbehagen,[-1]
2062,onbehoorlijk,[1]
2063,onbekend,[-1]
2064,onbekende,[-1]
2065,onbekwaam,[-1]
2066,onbelangrijk,[-1]
2067,onbelangrijke,[-1]
2068,onbepaald,[-1]
2069,onbeperkt,[1]
2070,onbereikbaar,[-1]
2071,onbeschadigd,[1]
2072,onbeslist,[-1]
2073,onbetrouwbaar,[-1]
2074,onbetrouwbaarheid,[-1]
2075,onbetwist,[1]
2076,onbevoegd,[-1]
2077,onbevredigend,[-1]
2078,onbeweeglijk,[-1]
2079,onbewezen,[-1]
2080,onbruikbaar,[-1]
2081,ondenkbaar,[-1]
2082,onder,[-1]
2083,onderbreken,[-1]
2084,onderbreking,[-1]
2085,onderbrekingen,[-1]
2086,onderdrukken,[-1]
2087,onderdrukkers,[-1]
2088,onderdrukking,[-1]
2089,ondergang,[-1]
2090,ondergeschikt,[-1]
2091,ondergeschikte,[-1]
2092,ondergeschikten,[-1]
2093,ondergraven,[-1]
2094,onderhandelen,[1]
2095,ondermijnd,[-1]
2096,ondermijnen,[-1]
2097,ondermijning,[-1]
2098,onderneming,[-1]
2099,onderschatten,[-1]
2100,onderscheid,[1]
2101,onderscheiden,[-1]
2102,onderscheiding,[1]
2103,onderscheidingen,[1]
2104,onderschreven,[1]
2105,onderschrijft,[1]
2106,onderschrijven,[1]
2107,ondersteund,[1]
2108,ondersteunen,[1]
2109,ondersteuning,[1]
2110,onderwerpen,[-1]
2111,onderwerping,[-1]
2112,onderworpen,[-1]
2113,ondeugend,[-1]
2114,ondiep,[-1]
2115,ondiepte,[-1]
2116,ondoordringbaar,[-1]
2117,ondraaglijk,[-1]
2118,ondubbelzinnig,[1]
2119,onduidelijk,[-1]
2120,oneens,[-1]
2121,oneerlijk,[-1]
2122,onenigheid,[-1]
2123,onervaren,[-1]
2124,onervarenheid,[-1]
2125,oneven,[-1]
2126,onevenredig,[-1]
2127,onfeilbaarheid,[1]
2128,ongebonden,[1]
2129,ongebruikelijk,[-1]
2130,ongecontroleerd,[-1]
2131,ongedaan,[-1]
2132,ongeduldig,[-1]
2133,ongedwongen,[1]
2134,ongegrond,[-1]
2135,ongehoord,[-1]
2136,ongehoorzaamheid,[-1]
2137,ongekend,[-1]
2138,ongeldig,[-1]
2139,ongelijk,[-1]
2140,ongelijkheid,[-1]
2141,ongeloof,[-1]
2142,ongeloofwaardig,[-1]
2143,ongelovige,[-1]
2144,ongelovigen,[-1]
2145,ongeluk,[-1]
2146,ongelukkig,[-1]
2147,ongelukkige,[-1]
2148,ongemak,[-1]
2149,ongemakkelijk,[-1]
2150,ongenade,[-1]
2151,ongenoegen,[-1]
2152,ongeoorloofd,[-1]
2153,ongerust,[-1]
2154,ongerustheid,[-1]
2155,ongeschikt,[-1]
2156,ongetwijfeld,[1]
2157,ongevaarlijk,[1]
2158,ongeval,[-1]
2159,ongeveer,[-1]
2160,ongevoelig,[-1]
2161,ongewenst,[-1]
2162,ongewenste,[-1]
2163,ongewisse,[-1]
2164,ongewoon,[-1]
2165,ongezond,[-1]
2166,ongeëvenaard,[1]
2167,ongunstig,[-1]
2168,onhandelbaar,[-1]
2169,onhandig,[-1]
2170,onhandigheid,[-1]
2171,onheil,[-1]
2172,onherstelbaar,[-1]
2173,onhoudbaar,[-1]
2174,onjuist,[-1]
2175,onkruid,[-1]
2176,onkwetsbaar,[1]
2177,onleesbaar,[-1]
2178,onlosmakelijk,[-1]
2179,onmiddellijk,[1]
2180,onmogelijk,[-1]
2181,onnatuurlijk,[-1]
2182,onnauwkeurig,[-1]
2183,onnauwkeurigheid,[-1]
2184,onnodig,[-1]
2185,onnodige,[-1]
2186,onomkeerbaar,[-1]
2187,onomkeerbare,[-1]
2188,onomstreden,[1]
2189,onontkoombaar,[-1]
2190,onopgelost,[-1]
2191,onopgemerkt,[-1]
2192,onophoudelijk,[-1]
2193,onorthodoxe,[-1]
2194,onoverkomelijk,[-1]
2195,onoverwinnelijk,[1]
2196,onpartijdig,[1]
2197,onpartijdige,[1]
2198,onpartijdigheid,[1]
2199,onpersoonlijk,[-1]
2200,onpopulair,[-1]
2201,onpraktisch,[-1]
2202,onrecht,[-1]
2203,onrechte,[-1]
2204,onrechtmatig,[-1]
2205,onrechtvaardig,[-1]
2206,onredelijk,[-1]
2207,onredelijke,[-1]
2208,onregelmatig,[-1]
2209,onrein,[-1]
2210,onroerend,[-1]
2211,onrust,[-1]
2212,onrustig,[-1]
2213,onschadelijk,[1]
2214,onschuldig,[1]
2215,ontaarden,[-1]
2216,ontberingen,[-1]
2217,ontbinding,[-1]
2218,ontbond,[1]
2219,ontbonden,[1]
2220,ontbrak,[-1]
2221,ontbreekt,[-1]
2222,ontbreken,[-1]
2223,ontdaan,[-1]
2224,onteigening,[-1]
2225,onterecht,[-1]
2226,ontevreden,[-1]
2227,ontevredenheid,[-1]
2228,ontgoocheling,[-1]
2229,ontheven,[1]
2230,onthullen,[-1]
2231,ontkend,[-1]
2232,ontkennen,[-1]
2233,ontkenning,[-1]
2234,ontkent,[-1]
2235,ontkomen,[-1]
2236,ontkrachten,[-1]
2237,ontlopen,[-1]
2238,ontmantelen,[-1]
2239,ontmoedigen,[-1]
2240,ontnemen,[-1]
2241,ontoereikend,[-1]
2242,ontploffen,[-1]
2243,ontraden,[-1]
2244,ontrafelen,[-1]
2245,ontrouw,[-1]
2246,ontruimen,[1]
2247,ontslaan,[-1]
2248,ontslag,[-1]
2249,ontsnappen,[-1]
2250,ontsteking,[-1]
2251,ontsteltenis,[-1]
2252,ontvangen,[1]
2253,ontvangst,[1]
2254,ontvankelijk,[1]
2255,ontvluchten,[-1]
2256,ontwapenen,[-1]
2257,ontwijken,[-1]
2258,ontwikkeld,[1]
2259,ontwrichting,[-1]
2260,ontzag,[1]
2261,ontzeggen,[-1]
2262,ontzet,[-1]
2263,ontzettend,[-1]
2264,ontzetting,[-1]
2265,onveilig,[-1]
2266,onveiligheid,[-1]
2267,onverbiddelijk,[-1]
2268,onverenigbaar,[-1]
2269,onvermijdelijk,[-1]
2270,onvermogen,[-1]
2271,onverschillig,[-1]
2272,onverschilligheid,[-1]
2273,onverschrokken,[1]
2274,onverstandig,[-1]
2275,onverwacht,[-1]
2276,onverwachts,[-1]
2277,onvoldoende,[-1]
2278,onvolkomenheden,[-1]
2279,onvolledig,[-1]
2280,onvoltooid,[-1]
2281,onvolwassen,[-1]
2282,onvoorspelbaar,[-1]
2283,onvoorspelbare,[-1]
2284,onvoorstelbaar,[-1]
2285,onvriendelijk,[-1]
2286,onvrijwillig,[-1]
2287,onvruchtbaar,[-1]
2288,onwaar,[-1]
2289,onwaardig,[-1]
2290,onwaarschijnlijk,[-1]
2291,onwel,[-1]
2292,onwetend,[-1]
2293,onwetendheid,[-1]
2294,onwettig,[-1]
2295,onwil,[-1]
2296,onzeker,[-1]
2297,onzekerheid,[-1]
2298,onzichtbaar,[-1]
2299,onzichtbare,[-1]
2300,onzin,[-1]
2301,onzinnig,[-1]
2302,onzinnige,[-1]
2303,oorlog,[-1]
2304,opblazen,[-1]
2305,opdeling,[-1]
2306,opdringen,[-1]
2307,open,[1]
2308,openbaring,[1]
2309,openbreken,[1]
2310,openheid,[1]
2311,opening,[-1]
2312,opgeblazen,[-1]
2313,opgedaan,[1]
2314,opgehangen,[-1]
2315,opgeofferd,[-1]
2316,opgeruimd,[1]
2317,opgeschroefd,[-1]
2318,opgetogen,[1]
2319,opgeven,[-1]
2320,opgewaardeerd,[1]
2321,opgewekt,[1]
2322,opgewonden,[1]
2323,ophangen,[-1]
2324,ophef,[-1]
2325,opinie,[-1]
2326,opleggen,[-1]
2327,oplichten,[-1]
2328,oplichters,[-1]
2329,oplichting,[-1]
2330,oplossen,[1]
2331,opluchting,[1]
2332,opmerkelijk,[1]
2333,oponthoud,[1]
2334,oppakken,[-1]
2335,oppassen,[-1]
2336,oppermachtige,[1]
2337,opperste,[1]
2338,oppervlakkig,[-1]
2339,opponent,[-1]
2340,opportunistisch,[-1]
2341,opportunistische,[-1]
2342,oppositie,[-1]
2343,oprecht,[1]
2344,oprechtheid,[1]
2345,oproep,[1]
2346,oproer,[-1]
2347,opschuiven,[-1]
2348,opsluiten,[-1]
2349,opstand,[-1]
2350,opstandig,[-1]
2351,optimaal,[1]
2352,optimale,[1]
2353,optimisme,[1]
2354,optimistisch,[1]
2355,optredend,[-1]
2356,opwarmen,[1]
2357,opwindend,[1]
2358,opwindende,[1]
2359,opwinding,[1]
2360,opzeggen,[-1]
2361,opzettelijk,[1]
2362,ordelijk,[1]
2363,ordinair,[-1]
2364,origineel,[1]
2365,ornament,[1]
2366,ouderwets,[-1]
2367,outsider,[-1]
2368,ouverture,[1]
2369,ovatie,[1]
2370,overbelast,[-1]
2371,overblijfselen,[-1]
2372,overbodig,[-1]
2373,overdrijven,[-1]
2374,overdrijving,[-1]
2375,overgave,[-1]
2376,overgeven,[-1]
2377,overhaast,[-1]
2378,overhalen,[1]
2379,overhand,[1]
2380,overheen,[-1]
2381,overlappen,[-1]
2382,overlast,[-1]
2383,overleden,[-1]
2384,overledene,[-1]
2385,overledenen,[-1]
2386,overlevende,[1]
2387,overleving,[1]
2388,overlijden,[-1]
2389,overlopen,[-1]
2390,overmaat,[-1]
2391,overmatig,[-1]
2392,overmeesteren,[1]
2393,overschat,[-1]
2394,overschreden,[1]
2395,overschrijden,[1]
2396,overschrijding,[-1]
2397,overschrijdt,[1]
2398,overspoeld,[-1]
2399,overstijgen,[1]
2400,overstromen,[-1]
2401,overstuur,[-1]
2402,overtollig,[-1]
2403,overtreden,[-1]
2404,overtreder,[-1]
2405,overtreding,[-1]
2406,overtreffen,[1]
2407,overtrof,[1]
2408,overtuigend,[1]
2409,overvloedig,[1]
2410,overvol,[-1]
2411,overweldigd,[-1]
2412,overweldigend,[-1]
2413,overwicht,[-1]
2414,overwinnen,[1]
2415,overwinning,[1]
2416,overzien,[-1]
2417,oxideren,[-1]
2418,paal,[-1]
2419,paardenstal,[1]
2420,pain,[-1]
2421,pakken,[-1]
2422,pan,[-1]
2423,paniek,[-1]
2424,panoramisch,[1]
2425,panoramische,[1]
2426,paradijs,[1]
2427,paradoxaal,[-1]
2428,paranoia,[-1]
2429,paranoïde,[-1]
2430,parasiet,[-1]
2431,parodie,[-1]
2432,partij,[-1]
2433,partijdigheid,[-1]
2434,partizanen,[-1]
2435,passend,[1]
2436,passie,[1]
2437,passief,[-1]
2438,patient,[1]
2439,patiënt,[1]
2440,patriot,[1]
2441,patstelling,[-1]
2442,pauper,[-1]
2443,pauzes,[-1]
2444,peace,[1]
2445,pech,[-1]
2446,penalty,[-1]
2447,penetreren,[-1]
2448,penis,[-1]
2449,perceel,[-1]
2450,perfect,[1]
2451,perfecte,[1]
2452,perfectie,[1]
2453,perfectioneren,[1]
2454,permissie,[1]
2455,personage,[1]
2456,personages,[1]
2457,perverse,[-1]
2458,perzik,[1]
2459,pessimisme,[-1]
2460,pessimistisch,[-1]
2461,pest,[-1]
2462,pesten,[-1]
2463,pestkop,[-1]
2464,pestkoppen,[-1]
2465,pijn,[-1]
2466,pijnen,[-1]
2467,pijnlijk,[-1]
2468,pijnlijke,[-1]
2469,pijpen,[-1]
2470,pittig,[1]
2471,pittoreske,[1]
2472,plaag,[-1]
2473,plagen,[-1]
2474,plakken,[-1]
2475,plechtig,[-1]
2476,plechtigheid,[1]
2477,pleidooi,[-1]
2478,pleitbezorger,[1]
2479,pleiten,[-1]
2480,pletter,[1]
2481,plezier,[1]
2482,plezierig,[1]
2483,plint,[-1]
2484,plooien,[-1]
2485,plot,[-1]
2486,plots,[-1]
2487,plotseling,[-1]
2488,plunderen,[-1]
2489,plundering,[-1]
2490,poep,[-1]
2491,poetsen,[1]
2492,poging,[-1]
2493,polarisatie,[-1]
2494,polijsten,[1]
2495,pons,[-1]
2496,pooier,[-1]
2497,poor,[-1]
2498,poot,[-1]
2499,populair,[1]
2500,popular,[1]
2501,porno,[1]
2502,positief,[1]
2503,positieven,[1]
2504,positive,[1]
2505,posten,[-1]
2506,poverty,[-1]
2507,poëtisch,[1]
2508,praatjes,[-1]
2509,pracht,[1]
2510,prachtig,[1]
2511,precair,[-1]
2512,precies,[1]
2513,prees,[1]
2514,premie,[1]
2515,premier,[1]
2516,prestatie,[1]
2517,prestige,[1]
2518,prestigieus,[1]
2519,pret,[1]
2520,pretty,[1]
2521,prijs,[1]
2522,prijzen,[1]
2523,prik,[-1]
2524,prikkelen,[1]
2525,prikken,[-1]
2526,prima,[1]
2527,primitief,[-1]
2528,prison,[-1]
2529,privilege,[1]
2530,probleem,[-1]
2531,problem,[-1]
2532,problematisch,[-1]
2533,problemen,[-1]
2534,problems,[-1]
2535,productief,[1]
2536,profane,[-1]
2537,profiteren,[1]
2538,profs,[1]
2539,progressief,[1]
2540,progressive,[1]
2541,prominent,[1]
2542,promoten,[-1]
2543,promotor,[1]
2544,prompt,[1]
2545,prooi,[-1]
2546,propaganda,[-1]
2547,proper,[1]
2548,protection,[1]
2549,protest,[-1]
2550,protestactie,[-1]
2551,protesteerde,[-1]
2552,protesten,[-1]
2553,protesteren,[-1]
2554,provocatie,[-1]
2555,provocerend,[-1]
2556,puinhoop,[-1]
2557,punk,[-1]
2558,pure,[1]
2559,put,[1]
2560,puur,[1]
2561,raadselachtig,[-1]
2562,raar,[-1]
2563,racisme,[-1]
2564,racist,[-1]
2565,radeloos,[-1]
2566,radicaal,[-1]
2567,radicalen,[-1]
2568,radicalisering,[-1]
2569,radicalisme,[-1]
2570,raffinage,[1]
2571,rage,[-1]
2572,rail,[-1]
2573,ramp,[-1]
2574,rampzalig,[-1]
2575,rampzalige,[-1]
2576,rancune,[-1]
2577,rapid,[1]
2578,rapport,[1]
2579,rare,[-1]
2580,rationeel,[1]
2581,rationele,[1]
2582,ravage,[-1]
2583,ravijn,[-1]
2584,razend,[-1]
2585,razernij,[-1]
2586,razzia,[-1]
2587,reactionair,[-1]
2588,ready,[1]
2589,reageert,[-1]
2590,realistisch,[1]
2591,rebellie,[-1]
2592,recessie,[-1]
2593,recht,[1]
2594,rechten,[1]
2595,rechterkant,[1]
2596,rechtmatig,[1]
2597,rechts,[1]
2598,rechtse,[1]
2599,rechtszaak,[-1]
2600,rechtvaardig,[1]
2601,rechtzetten,[1]
2602,reclame,[1]
2603,rectificatie,[1]
2604,redden,[1]
2605,redder,[1]
2606,redelijk,[1]
2607,redelijkerwijs,[1]
2608,redundant,[-1]
2609,regressie,[-1]
2610,rein,[1]
2611,reinigen,[1]
2612,reliëf,[1]
2613,rem,[-1]
2614,remedie,[1]
2615,remmen,[-1]
2616,remming,[-1]
2617,renaissance,[1]
2618,repressie,[-1]
2619,reputatie,[1]
2620,respect,[1]
2621,respecteren,[1]
2622,resterend,[-1]
2623,retorica,[-1]
2624,retoriek,[-1]
2625,retraite,[-1]
2626,reuk,[-1]
2627,reukzin,[-1]
2628,reuze,[-1]
2629,revelatie,[1]
2630,revert,[-1]
2631,revival,[1]
2632,revolte,[-1]
2633,revolutie,[1]
2634,revolutionair,[1]
2635,rich,[1]
2636,ridderlijkheid,[1]
2637,ridderschap,[1]
2638,rift,[-1]
2639,right,[1]
2640,rigide,[-1]
2641,rijk,[1]
2642,rijkdom,[1]
2643,rijkelijk,[1]
2644,rijker,[1]
2645,rijm,[-1]
2646,rijp,[-1]
2647,rijpen,[1]
2648,rijpheid,[1]
2649,rijzen,[1]
2650,rimpels,[-1]
2651,riolering,[-1]
2652,risico,[-1]
2653,risico's,[-1]
2654,risk,[-1]
2655,riskant,[-1]
2656,riskeren,[-1]
2657,rivaliteit,[-1]
2658,robuust,[1]
2659,roddel,[-1]
2660,roem,[1]
2661,roepen,[-1]
2662,roest,[-1]
2663,roestbruin,[-1]
2664,roesten,[-1]
2665,roestvrij,[1]
2666,roken,[-1]
2667,rokkenjager,[-1]
2668,romantisch,[1]
2669,rommel,[-1]
2670,rommelig,[-1]
2671,rondhangen,[-1]
2672,ronselen,[1]
2673,roof,[-1]
2674,roofzuchtig,[-1]
2675,rook,[-1]
2676,rooskleurig,[1]
2677,rooster,[-1]
2678,rot,[-1]
2679,rotsachtig,[-1]
2680,rotten,[-1]
2681,rotzooi,[-1]
2682,rough,[-1]
2683,rouw,[-1]
2684,rouwen,[-1]
2685,roven,[-1]
2686,royaal,[1]
2687,rudimentair,[-1]
2688,rue,[-1]
2689,ruggengraat,[1]
2690,ruig,[-1]
2691,ruiken,[-1]
2692,ruikt,[-1]
2693,ruim,[1]
2694,ruimen,[1]
2695,ruimschoots,[1]
2696,ruis,[-1]
2697,ruk,[-1]
2698,rukken,[-1]
2699,rust,[1]
2700,rusteloos,[-1]
2701,rustig,[1]
2702,ruw,[-1]
2703,ruzie,[-1]
2704,ruzies,[-1]
2705,ruïne,[-1]
2706,ruïneren,[-1]
2707,ruïnes,[-1]
2708,saai,[-1]
2709,sabotage,[-1]
2710,saboteren,[-1]
2711,safe,[1]
2712,saint,[1]
2713,samenhang,[1]
2714,samenhangend,[1]
2715,samenwerkend,[1]
2716,samenzwering,[-1]
2717,samenzweringen,[-1]
2718,sap,[-1]
2719,sarcasme,[-1]
2720,sarcastisch,[-1]
2721,satirisch,[-1]
2722,satirische,[-1]
2723,scepticisme,[-1]
2724,scepticus,[-1]
2725,sceptisch,[-1]
2726,schaal,[-1]
2727,schaamte,[-1]
2728,schaars,[-1]
2729,schaarste,[-1]
2730,schade,[-1]
2731,schadelijk,[-1]
2732,schaden,[-1]
2733,schadevergoeding,[-1]
2734,schandaal,[-1]
2735,schandalen,[-1]
2736,schandalig,[-1]
2737,schande,[-1]
2738,schat,[1]
2739,schatten,[1]
2740,schaven,[-1]
2741,scheef,[-1]
2742,scheepswrak,[-1]
2743,scheiden,[-1]
2744,scheidend,[-1]
2745,scheidingen,[-1]
2746,schelden,[-1]
2747,scheldwoorden,[-1]
2748,schemering,[-1]
2749,schenden,[-1]
2750,schending,[-1]
2751,schep,[-1]
2752,schering,[-1]
2753,scherm,[-1]
2754,scherpere,[1]
2755,scheur,[-1]
2756,scheuren,[-1]
2757,schilderachtig,[1]
2758,schillen,[-1]
2759,schipbreuk,[-1]
2760,schitteren,[1]
2761,schitterend,[1]
2762,schok,[-1]
2763,schokken,[-1]
2764,schokkend,[-1]
2765,schone,[1]
2766,schoon,[1]
2767,schoonheid,[1]
2768,schoonmaakster,[1]
2769,schoonmaken,[1]
2770,schoonste,[1]
2771,schot,[-1]
2772,schrappen,[-1]
2773,schreeuw,[-1]
2774,schreeuwen,[-1]
2775,schrik,[-1]
2776,schrikken,[-1]
2777,schril,[-1]
2778,schroom,[1]
2779,schudden,[-1]
2780,schuim,[-1]
2781,schuin,[-1]
2782,schuld,[-1]
2783,schulden,[-1]
2784,schuldgevoel,[-1]
2785,schuldig,[-1]
2786,schuldige,[-1]
2787,schuren,[-1]
2788,schurk,[-1]
2789,schurken,[-1]
2790,scratch,[-1]
2791,selectief,[1]
2792,sensatie,[1]
2793,sensationeel,[1]
2794,serene,[1]
2795,sever,[-1]
2796,sexy,[1]
2797,shit,[-1]
2798,shock,[-1]
2799,sierlijk,[1]
2800,sigaret,[-1]
2801,significant,[1]
2802,silent,[1]
2803,simpele,[-1]
2804,sin,[-1]
2805,sinister,[-1]
2806,situatie,[-1]
2807,skelet,[-1]
2808,skeletten,[-1]
2809,slaaf,[-1]
2810,slaagt,[1]
2811,slaan,[-1]
2812,slacht,[-1]
2813,slachten,[-1]
2814,slachting,[-1]
2815,slachtpartij,[-1]
2816,slag,[-1]
2817,slagen,[1]
2818,slager,[-1]
2819,slak,[-1]
2820,slap,[-1]
2821,slappe,[-1]
2822,slave,[-1]
2823,slaven,[-1]
2824,slavernij,[-1]
2825,slavin,[-1]
2826,slecht,[-1]
2827,slechte,[-1]
2828,slechter,[-1]
2829,slechtst,[-1]
2830,sleept,[-1]
2831,slepen,[-1]
2832,sleur,[-1]
2833,slijm,[-1]
2834,slijpen,[-1]
2835,slim,[1]
2836,slimmer,[1]
2837,slimste,[1]
2838,sloot,[-1]
2839,slopen,[-1]
2840,slopende,[-1]
2841,slordig,[-1]
2842,slow,[-1]
2843,sluier,[-1]
2844,sluipen,[-1]
2845,slurf,[-1]
2846,smaad,[-1]
2847,smaak,[1]
2848,smakelijk,[1]
2849,smal,[-1]
2850,smallere,[-1]
2851,smeekbede,[-1]
2852,smeergeld,[-1]
2853,smeken,[-1]
2854,smelt,[-1]
2855,smeren,[-1]
2856,smerig,[-1]
2857,smet,[-1]
2858,smoren,[-1]
2859,snel,[1]
2860,snelle,[1]
2861,sneller,[1]
2862,snelste,[1]
2863,snoepje,[1]
2864,sober,[-1]
2865,soelaas,[1]
2866,soepel,[1]
2867,soft,[1]
2868,solid,[1]
2869,solidariteit,[1]
2870,solide,[1]
2871,somber,[-1]
2872,sorry,[-1]
2873,spaargeld,[1]
2874,spaarzaam,[1]
2875,spade,[-1]
2876,spannen,[-1]
2877,spannend,[1]
2878,spanning,[-1]
2879,specialiteit,[-1]
2880,spectaculair,[1]
2881,spectaculaire,[1]
2882,speels,[1]
2883,speling,[-1]
2884,spijt,[-1]
2885,spijtig,[-1]
2886,spint,[-1]
2887,spiritueel,[1]
2888,spits,[1]
2889,spitsmuis,[-1]
2890,spleet,[-1]
2891,spleten,[-1]
2892,splinter,[-1]
2893,split,[-1]
2894,splitsen,[-1]
2895,splitsing,[-1]
2896,spoedig,[1]
2897,spoken,[-1]
2898,spontaan,[1]
2899,sporadisch,[-1]
2900,sporen,[-1]
2901,sportief,[1]
2902,spot,[-1]
2903,spottend,[-1]
2904,spottende,[-1]
2905,springen,[-1]
2906,springstof,[-1]
2907,spuiten,[-1]
2908,spul,[-1]
2909,spuwen,[-1]
2910,squash,[-1]
2911,stabiliseren,[1]
2912,stabiliteit,[1]
2913,stable,[1]
2914,stagnatie,[-1]
2915,staken,[-1]
2916,staking,[-1]
2917,stalen,[-1]
2918,stamper,[-1]
2919,standvastig,[1]
2920,standvastigheid,[1]
2921,stank,[-1]
2922,star,[-1]
2923,static,[-1]
2924,statig,[1]
2925,stationair,[-1]
2926,statisch,[-1]
2927,steady,[1]
2928,steek,[-1]
2929,steelt,[-1]
2930,steil,[-1]
2931,steken,[-1]
2932,stemming,[1]
2933,stempel,[-1]
2934,stereotiep,[-1]
2935,stereotype,[-1]
2936,sterfgeval,[-1]
2937,sterft,[-1]
2938,steriel,[-1]
2939,sterk,[1]
2940,sterker,[1]
2941,sterkste,[1]
2942,sterkte,[1]
2943,stern,[-1]
2944,sterven,[-1]
2945,stervende,[-1]
2946,steun,[1]
2947,steunen,[1]
2948,steunt,[1]
2949,steviger,[1]
2950,stift,[1]
2951,stigma,[-1]
2952,stijf,[-1]
2953,stijfheid,[-1]
2954,stikken,[-1]
2955,stil,[1]
2956,stiller,[1]
2957,stilstaand,[-1]
2958,stilstand,[-1]
2959,stilte,[-1]
2960,stimuleert,[1]
2961,stimuleren,[1]
2962,stoer,[1]
2963,stof,[-1]
2964,stola,[-1]
2965,stom,[-1]
2966,stomme,[-1]
2967,stomp,[-1]
2968,stompe,[-1]
2969,stoornis,[-1]
2970,stoort,[-1]
2971,stoppen,[-1]
2972,storen,[-1]
2973,storing,[-1]
2974,storingen,[-1]
2975,storm,[-1]
2976,stormachtig,[-1]
2977,stormloop,[-1]
2978,storten,[-1]
2979,stortplaats,[-1]
2980,stortvloed,[-1]
2981,stoten,[-1]
2982,stotteren,[-1]
2983,stout,[-1]
2984,strafbaar,[-1]
2985,straffen,[-1]
2986,strafrechtelijk,[-1]
2987,strafschop,[-1]
2988,strak,[-1]
2989,stralen,[1]
2990,stralend,[1]
2991,straling,[1]
2992,strategie,[-1]
2993,strekken,[1]
2994,streng,[-1]
2995,strengheid,[-1]
2996,stress,[-1]
2997,streven,[1]
2998,strijd,[-1]
2999,strijdig,[-1]
3000,strijdlust,[-1]
3001,strik,[-1]
3002,strike,[-1]
3003,strikken,[-1]
3004,strikt,[-1]
3005,stroef,[-1]
3006,strong,[1]
3007,stroom,[-1]
3008,stroomversnelling,[1]
3009,struikelde,[-1]
3010,struikelt,[-1]
3011,stug,[-1]
3012,stukje,[-1]
3013,stunt,[-1]
3014,subsidie,[1]
3015,subsidiëren,[1]
3016,substantieel,[1]
3017,succes,[1]
3018,success,[1]
3019,successen,[1]
3020,succesvol,[1]
3021,suggereren,[1]
3022,suggestieve,[1]
3023,suicide,[-1]
3024,super,[1]
3025,superieur,[1]
3026,superior,[1]
3027,superioriteit,[1]
3028,support,[1]
3029,supporter,[1]
3030,surrealistisch,[1]
3031,survival,[1]
3032,sussen,[-1]
3033,sweet,[1]
3034,sympathiek,[1]
3035,sympathieën,[1]
3036,symptomen,[-1]
3037,symptoom,[-1]
3038,syndrome,[-1]
3039,syndroom,[-1]
3040,taai,[1]
3041,taak,[-1]
3042,taboe,[-1]
3043,tactiek,[-1]
3044,talent,[1]
3045,talenten,[1]
3046,tamelijk,[1]
3047,tanende,[-1]
3048,tank,[-1]
3049,tanks,[-1]
3050,taxichauffeur,[-1]
3051,teef,[-1]
3052,teer,[-1]
3053,tegen,[-1]
3054,tegengesteld,[-1]
3055,tegenhouden,[-1]
3056,tegenslag,[-1]
3057,tegenslagen,[-1]
3058,tegenspoed,[-1]
3059,tegenspraak,[-1]
3060,tegenspreken,[-1]
3061,tegenstander,[-1]
3062,tegenstrijdig,[-1]
3063,tegenstrijdigheid,[-1]
3064,tegenvaller,[-1]
3065,tegenwerken,[-1]
3066,tegenzin,[-1]
3067,teisteren,[-1]
3068,tekort,[-1]
3069,tekortkoming,[-1]
3070,tekortkomingen,[-1]
3071,teleurgesteld,[-1]
3072,teleurstellend,[-1]
3073,teleurstelling,[-1]
3074,teleurstellingen,[-1]
3075,tender,[1]
3076,terecht,[1]
3077,terreur,[-1]
3078,terrible,[-1]
3079,terroriseren,[-1]
3080,terrorisme,[-1]
3081,terugbetaald,[1]
3082,terugbetalen,[1]
3083,terugbetaling,[1]
3084,teruggaan,[-1]
3085,teruggave,[1]
3086,terughoudend,[-1]
3087,terugkeren,[-1]
3088,terugslag,[-1]
3089,terugtocht,[-1]
3090,terugtrekken,[-1]
3091,terugtrekking,[-1]
3092,terugval,[-1]
3093,terugvallen,[-1]
3094,terugwinnen,[1]
3095,tevergeefs,[-1]
3096,tevreden,[1]
3097,tevredenheid,[1]
3098,tijd,[-1]
3099,tijdelijk,[-1]
3100,tijdig,[1]
3101,tiran,[-1]
3102,tirannie,[-1]
3103,toch,[1]
3104,toebrengen,[-1]
3105,toegankelijk,[1]
3106,toegegeven,[-1]
3107,toegekend,[1]
3108,toegewijd,[1]
3109,toekenning,[1]
3110,toelaatbaar,[1]
3111,toepasselijk,[1]
3112,toer,[-1]
3113,toestand,[-1]
3114,toestemming,[1]
3115,toeval,[-1]
3116,toewijding,[1]
3117,toewijzen,[1]
3118,toezicht,[-1]
3119,toonaangevend,[1]
3120,toorn,[-1]
3121,top,[1]
3122,topje,[1]
3123,toppen,[1]
3124,toppunt,[1]
3125,totalitair,[-1]
3126,tout,[-1]
3127,tovenarij,[1]
3128,toverij,[1]
3129,toverkracht,[1]
3130,traag,[-1]
3131,tractie,[1]
3132,tragedie,[-1]
3133,tragisch,[-1]
3134,trance,[1]
3135,transparant,[1]
3136,trap,[-1]
3137,trauma,[-1]
3138,travestie,[-1]
3139,treffen,[-1]
3140,treffend,[1]
3141,trefpunt,[-1]
3142,trefzeker,[1]
3143,treiteren,[-1]
3144,trekpleister,[1]
3145,trendy,[1]
3146,treurig,[-1]
3147,trick,[-1]
3148,triest,[-1]
3149,triomf,[1]
3150,triomfantelijk,[1]
3151,troebel,[-1]
3152,troef,[1]
3153,troep,[1]
3154,troeven,[1]
3155,trofee,[1]
3156,trompet,[1]
3157,trompetten,[1]
3158,troost,[1]
3159,troosten,[1]
3160,trots,[1]
3161,trotseren,[-1]
3162,trouw,[1]
3163,truc,[-1]
3164,trust,[1]
3165,tuig,[-1]
3166,turbulent,[-1]
3167,tweedracht,[-1]
3168,twijfel,[-1]
3169,twijfelachtig,[-1]
3170,twijfelen,[-1]
3171,twijfels,[-1]
3172,twist,[-1]
3173,twisten,[-1]
3174,typisch,[1]
3175,uitbarsting,[-1]
3176,uitbarstingen,[-1]
3177,uitbaten,[-1]
3178,uitbraak,[-1]
3179,uitbreiden,[1]
3180,uitbreken,[-1]
3181,uitbroeden,[-1]
3182,uitbuiting,[-1]
3183,uitbundig,[1]
3184,uitdagen,[-1]
3185,uitdagend,[-1]
3186,uitdaging,[-1]
3187,uitdrukken,[1]
3188,uiteengevallen,[-1]
3189,uiteenlopend,[-1]
3190,uiterst,[1]
3191,uitgebreid,[1]
3192,uitgelaten,[1]
3193,uitgelezen,[1]
3194,uitgeput,[-1]
3195,uitgeven,[-1]
3196,uitgewist,[-1]
3197,uitgifte,[-1]
3198,uitharden,[-1]
3199,uitkering,[1]
3200,uitkomen,[1]
3201,uitkomst,[1]
3202,uitlaat,[-1]
3203,uitlaten,[-1]
3204,uitleggen,[1]
3205,uitloper,[-1]
3206,uitmoorden,[-1]
3207,uitmuntendheid,[1]
3208,uitputtend,[-1]
3209,uitputting,[-1]
3210,uitroeien,[-1]
3211,uitroeiing,[-1]
3212,uitschakelen,[-1]
3213,uitslag,[-1]
3214,uitsluiting,[-1]
3215,uitspreken,[1]
3216,uitstekend,[1]
3217,uitstellen,[-1]
3218,uitvaren,[-1]
3219,uitverkoren,[1]
3220,uitvoerbaar,[1]
3221,uitwissen,[-1]
3222,ultimatum,[-1]
3223,unknown,[-1]
3224,usurpator,[-1]
3225,vaag,[-1]
3226,vaardig,[1]
3227,vaardigheid,[1]
3228,vaargeul,[1]
3229,vakkundig,[1]
3230,val,[-1]
3231,vallen,[-1]
3232,vallend,[-1]
3233,vals,[-1]
3234,valselijk,[-1]
3235,valsheid,[-1]
3236,van,[1]
3237,vangen,[-1]
3238,variëteit,[1]
3239,varken,[-1]
3240,varkens,[-1]
3241,vast,[1]
3242,vastberaden,[1]
3243,vasten,[1]
3244,vastlopen,[-1]
3245,vat,[-1]
3246,vatten,[-1]
3247,vechten,[-1]
3248,veeg,[-1]
3249,veelbelovend,[1]
3250,veeleisend,[1]
3251,veelzijdig,[1]
3252,veelzijdigheid,[1]
3253,vegen,[1]
3254,veilig,[1]
3255,veiliggesteld,[1]
3256,vel,[-1]
3257,vellen,[-1]
3258,vent,[-1]
3259,ventileren,[-1]
3260,veracht,[-1]
3261,verafschuwde,[-1]
3262,verantwoord,[1]
3263,verantwoorde,[1]
3264,verantwoordelijk,[-1]
3265,verarmd,[-1]
3266,verbaasd,[1]
3267,verbannen,[-1]
3268,verbanning,[-1]
3269,verbazen,[1]
3270,verbazend,[1]
3271,verbazing,[1]
3272,verbazingwekkend,[1]
3273,verbeelding,[1]
3274,verbergen,[-1]
3275,verbeterd,[1]
3276,verbeterde,[1]
3277,verbeteren,[1]
3278,verbetering,[1]
3279,verbeteringen,[1]
3280,verbetert,[1]
3281,verbeurd,[-1]
3282,verbieden,[-1]
3283,verbijstering,[-1]
3284,verbintenis,[1]
3285,verbitterd,[-1]
3286,verblijf,[1]
3287,verblijfplaats,[-1]
3288,verblijven,[-1]
3289,verbluffend,[1]
3290,verbluffende,[1]
3291,verbod,[-1]
3292,verboden,[-1]
3293,verbolgen,[-1]
3294,verbond,[1]
3295,verborgen,[-1]
3296,verbrand,[-1]
3297,verbrandde,[-1]
3298,verbranden,[-1]
3299,verbranding,[-1]
3300,verbreken,[-1]
3301,verbroken,[-1]
3302,verdacht,[-1]
3303,verdachte,[-1]
3304,verdediger,[1]
3305,verdeeldheid,[-1]
3306,verdelen,[-1]
3307,verdenken,[-1]
3308,verdenking,[-1]
3309,verdenkingen,[-1]
3310,verderf,[-1]
3311,verdienen,[1]
3312,verdienste,[1]
3313,verdienstelijk,[1]
3314,verdoezelen,[-1]
3315,verdoofd,[-1]
3316,verdorven,[-1]
3317,verdoven,[-1]
3318,verdoving,[-1]
3319,verdraaien,[-1]
3320,verdrag,[1]
3321,verdriet,[-1]
3322,verdrijven,[-1]
3323,verdringen,[-1]
3324,verdrinken,[-1]
3325,verdrinking,[-1]
3326,verduidelijken,[1]
3327,verduisterd,[-1]
3328,verdwaald,[-1]
3329,vereenvoudigd,[1]
3330,vereenvoudigen,[1]
3331,vereenvoudigt,[1]
3332,verenigbaar,[1]
3333,vereren,[1]
3334,verergeren,[-1]
3335,verfijnd,[1]
3336,verfijnen,[1]
3337,verfijning,[1]
3338,vergaan,[-1]
3339,vergeefs,[-1]
3340,vergelding,[-1]
3341,vergelijken,[-1]
3342,vergemakkelijken,[1]
3343,vergemakkelijkt,[1]
3344,vergeven,[1]
3345,vergeving,[1]
3346,vergevorderd,[1]
3347,vergevorderde,[-1]
3348,vergif,[-1]
3349,vergiffenis,[1]
3350,vergiftigen,[-1]
3351,vergissing,[-1]
3352,vergrijpen,[-1]
3353,vergroten,[1]
3354,verharden,[-1]
3355,verheerlijken,[1]
3356,verheffen,[1]
3357,verheffing,[1]
3358,verhelpen,[1]
3359,verheugd,[1]
3360,verheugen,[1]
3361,verheven,[1]
3362,verhinderen,[-1]
3363,verhogen,[1]
3364,verifieerbare,[1]
3365,verijdelen,[-1]
3366,verjagen,[-1]
3367,verkeerd,[-1]
3368,verkeerde,[-1]
3369,verkeerdelijk,[-1]
3370,verkiezen,[1]
3371,verklaren,[1]
3372,verkleinen,[-1]
3373,verkleuren,[-1]
3374,verkoudheid,[-1]
3375,verkracht,[-1]
3376,verkrachten,[-1]
3377,verkrachting,[-1]
3378,verkrijgen,[1]
3379,verlaat,[-1]
3380,verlagen,[1]
3381,verlamd,[-1]
3382,verlamde,[-1]
3383,verlammen,[-1]
3384,verlaten,[-1]
3385,verlegenheid,[-1]
3386,verleidelijk,[1]
3387,verleiden,[1]
3388,verleiding,[-1]
3389,verlichten,[1]
3390,verlichting,[1]
3391,verlies,[-1]
3392,verliest,[-1]
3393,verliezen,[-1]
3394,verliezer,[-1]
3395,verliezers,[-1]
3396,verloop,[-1]
3397,verlopen,[-1]
3398,verloren,[-1]
3399,verlossen,[1]
3400,verlosser,[1]
3401,verlossing,[1]
3402,vermaard,[1]
3403,vermaken,[1]
3404,vermalen,[-1]
3405,vermaning,[-1]
3406,vermijden,[-1]
3407,verminderen,[-1]
3408,verminkt,[-1]
3409,vermoeid,[-1]
3410,vermoeidheid,[-1]
3411,vermoeiend,[-1]
3412,vermogen,[1]
3413,vermoorden,[-1]
3414,vernederend,[-1]
3415,vernederende,[-1]
3416,vernedering,[-1]
3417,vernielen,[-1]
3418,vernietigen,[-1]
3419,vernietigend,[-1]
3420,vernietiging,[-1]
3421,vernieuwd,[1]
3422,vernis,[-1]
3423,vernuft,[1]
3424,verontreinigd,[-1]
3425,verontrust,[-1]
3426,verontrustende,[-1]
3427,verontwaardigd,[-1]
3428,verontwaardiging,[-1]
3429,veroordeeld,[-1]
3430,veroordeelt,[-1]
3431,veroordelen,[-1]
3432,veroordeling,[-1]
3433,veroorzaken,[-1]
3434,verouderd,[-1]
3435,verpest,[-1]
3436,verpesten,[-1]
3437,verplaatsen,[-1]
3438,verpletterd,[-1]
3439,verpletteren,[-1]
3440,verpletterend,[-1]
3441,verraad,[-1]
3442,verraadt,[-1]
3443,verraden,[-1]
3444,verrader,[-1]
3445,verraderlijk,[-1]
3446,verraderlijke,[-1]
3447,verrassend,[-1]
3448,verrijken,[1]
3449,verrijking,[1]
3450,vers,[1]
3451,verschalken,[1]
3452,verscheidenheid,[1]
3453,verschijnsel,[-1]
3454,verschil,[-1]
3455,verschrikkelijk,[-1]
3456,verschuldigd,[1]
3457,versieren,[1]
3458,versiering,[1]
3459,verslaafd,[-1]
3460,verslaafde,[-1]
3461,verslaafden,[-1]
3462,verslaan,[1]
3463,verslagen,[1]
3464,verslechteren,[-1]
3465,verslechterende,[-1]
3466,verslechtering,[-1]
3467,versleten,[-1]
3468,verslinden,[-1]
3469,versmelten,[-1]
3470,versoepeld,[1]
3471,versoepeling,[1]
3472,verspilling,[-1]
3473,verstaanbaar,[1]
3474,verstandelijk,[1]
3475,verstandhouding,[1]
3476,verstandig,[1]
3477,versteend,[-1]
3478,verstelbaar,[1]
3479,versterken,[1]
3480,versterkt,[1]
3481,verstijfd,[-1]
3482,verstoken,[-1]
3483,verstoord,[-1]
3484,verstoort,[-1]
3485,verstoppen,[-1]
3486,verstopping,[-1]
3487,verstopt,[-1]
3488,verstoren,[-1]
3489,verstoring,[-1]
3490,verstoten,[-1]
3491,verstrijken,[-1]
3492,verteren,[-1]
3493,vertraagd,[-1]
3494,vertragen,[-1]
3495,vertraging,[-1]
3496,vertragingen,[-1]
3497,vertrouwde,[1]
3498,vertrouwelijkheid,[1]
3499,vertrouweling,[1]
3500,vertrouwen,[1]
3501,vervaagt,[-1]
3502,vervagen,[-1]
3503,verval,[-1]
3504,vervallen,[-1]
3505,vervalsen,[-1]
3506,vervalsing,[-1]
3507,vervalst,[-1]
3508,vervalt,[-1]
3509,verveeld,[-1]
3510,vervelen,[-1]
3511,vervelend,[-1]
3512,verveling,[-1]
3513,verversen,[1]
3514,vervloekt,[-1]
3515,vervoering,[1]
3516,vervolgen,[-1]
3517,vervolging,[-1]
3518,vervormd,[-1]
3519,vervormen,[-1]
3520,vervormt,[-1]
3521,vervreemd,[-1]
3522,vervreemde,[-1]
3523,vervreemden,[-1]
3524,vervreemding,[-1]
3525,vervuild,[-1]
3526,vervullen,[1]
3527,vervulling,[1]
3528,verwaarloosd,[-1]
3529,verwaarlozen,[-1]
3530,verwaarlozing,[-1]
3531,verward,[-1]
3532,verwarde,[-1]
3533,verwarmen,[1]
3534,verwarren,[-1]
3535,verwarrend,[-1]
3536,verwarrende,[-1]
3537,verwarring,[-1]
3538,verwart,[-1]
3539,verwelkomen,[1]
3540,verweren,[-1]
3541,verwerpelijk,[-1]
3542,verwerpen,[-1]
3543,verwerping,[-1]
3544,verwerpt,[-1]
3545,verwezenlijking,[1]
3546,verwezenlijkingen,[1]
3547,verwijt,[-1]
3548,verwijten,[-1]
3549,verwikkeld,[-1]
3550,verwisselen,[-1]
3551,verwoed,[-1]
3552,verwoest,[-1]
3553,verwoesten,[-1]
3554,verwoestend,[-1]
3555,verwoestende,[-1]
3556,verwoesting,[-1]
3557,verwonden,[-1]
3558,verwondering,[1]
3559,verwonderlijk,[1]
3560,verwonding,[-1]
3561,verworden,[-1]
3562,verworpen,[-1]
3563,verwrongen,[-1]
3564,verzachten,[1]
3565,verzakken,[-1]
3566,verzekeren,[1]
3567,verzet,[-1]
3568,verzinsel,[-1]
3569,verzoeking,[-1]
3570,verzoenen,[1]
3571,verzoening,[1]
3572,verzorgen,[1]
3573,verzorgende,[1]
3574,verzuim,[-1]
3575,verzwakken,[-1]
3576,verzwakking,[-1]
3577,verzwakt,[-1]
3578,verzwijgen,[-1]
3579,vet,[-1]
3580,vice,[-1]
3581,viel,[-1]
3582,vieren,[1]
3583,viering,[1]
3584,vies,[-1]
3585,vijand,[-1]
3586,vijandelijk,[-1]
3587,vijandelijkheden,[-1]
3588,vijanden,[-1]
3589,vijandig,[-1]
3590,vijandigheid,[-1]
3591,vijandschap,[-1]
3592,vindingrijkheid,[1]
3593,virtuoos,[1]
3594,virus,[-1]
3595,visie,[-1]
3596,visionaire,[1]
3597,vlak,[-1]
3598,vlam,[-1]
3599,vlek,[-1]
3600,vlekje,[-1]
3601,vlekkeloos,[1]
3602,vlekken,[-1]
3603,vloeien,[1]
3604,vloeiend,[1]
3605,vloek,[-1]
3606,vloeken,[-1]
3607,vloeren,[-1]
3608,vlot,[1]
3609,vlucht,[-1]
3610,vluchteling,[-1]
3611,vluchten,[-1]
3612,vluchtende,[-1]
3613,vluchtig,[-1]
3614,vlug,[1]
3615,vochtig,[-1]
3616,vochtige,[-1]
3617,voeden,[1]
3618,voeding,[1]
3619,voelbaar,[1]
3620,voet,[-1]
3621,vol,[-1]
3622,volatiliteit,[-1]
3623,volbracht,[1]
3624,volbrengen,[1]
3625,voldaan,[1]
3626,voldoen,[1]
3627,voldoende,[1]
3628,voldoening,[1]
3629,voldoet,[1]
3630,volharden,[1]
3631,volharding,[1]
3632,volk,[1]
3633,volkerenmoord,[-1]
3634,volkomen,[-1]
3635,volmaakt,[1]
3636,volstaan,[1]
3637,volstaat,[1]
3638,volstrekt,[1]
3639,voltooid,[1]
3640,voltooide,[1]
3641,voltooien,[1]
3642,voltooiing,[1]
3643,voltreffer,[-1]
3644,voltrokken,[1]
3645,volwassen,[1]
3646,vond,[1]
3647,vooraanstaand,[1]
3648,voorbeeld,[1]
3649,voorbeeldig,[1]
3650,voordeel,[1]
3651,voordelen,[1]
3652,voordelig,[1]
3653,voordragen,[1]
3654,voorkeur,[1]
3655,voorkomend,[1]
3656,voorliefde,[-1]
3657,voorlopig,[-1]
3658,voornaam,[1]
3659,vooroordeel,[-1]
3660,vooroordelen,[-1]
3661,voorop,[1]
3662,voorrecht,[1]
3663,voorspelbaar,[-1]
3664,voorspoed,[1]
3665,voorspoedig,[1]
3666,voorsprong,[1]
3667,voorstaan,[1]
3668,voorstander,[1]
3669,voorstanders,[1]
3670,voorste,[1]
3671,voorstel,[1]
3672,voortdurend,[-1]
3673,voortgang,[1]
3674,voortreffelijk,[1]
3675,voortvluchtig,[-1]
3676,voortvluchtige,[-1]
3677,vooruitgang,[1]
3678,voorvechter,[1]
3679,voorwendsel,[-1]
3680,voorwerp,[-1]
3681,voorzichtigheid,[1]
3682,voorzien,[1]
3683,voorzienigheid,[1]
3684,voorziening,[1]
3685,voorzorg,[1]
3686,vordering,[1]
3687,vorm,[-1]
3688,vorst,[-1]
3689,vorstelijk,[1]
3690,vrede,[1]
3691,vredig,[1]
3692,vreedzaam,[1]
3693,vreemd,[-1]
3694,vreemde,[-1]
3695,vreemdeling,[-1]
3696,vreemdgaan,[-1]
3697,vreemdste,[-1]
3698,vrees,[-1]
3699,vreselijk,[-1]
3700,vreten,[-1]
3701,vreugde,[1]
3702,vrezen,[-1]
3703,vriendelijk,[1]
3704,vriendelijkheid,[1]
3705,vriendjespolitiek,[-1]
3706,vriendschappelijk,[1]
3707,vriezen,[-1]
3708,vrij,[1]
3709,vrije,[1]
3710,vrijen,[1]
3711,vrijgevigheid,[1]
3712,vrijheden,[1]
3713,vrijheid,[1]
3714,vrijlaten,[-1]
3715,vrijmaken,[1]
3716,vroegtijdig,[-1]
3717,vrolijk,[1]
3718,vrolijkheid,[1]
3719,vroom,[1]
3720,vroomheid,[1]
3721,vruchtbaar,[1]
3722,vruchtbaarheid,[1]
3723,vruchteloos,[-1]
3724,vuil,[-1]
3725,vuilnis,[-1]
3726,vuilnisbak,[-1]
3727,vuilnisbelt,[-1]
3728,vuist,[-1]
3729,vulgair,[-1]
3730,vurig,[1]
3731,vuurpijl,[-1]
3732,waaien,[-1]
3733,waakzaam,[1]
3734,waakzaamheid,[1]
3735,waan,[-1]
3736,waanzin,[-1]
3737,waanzinnig,[-1]
3738,waanzinnige,[-1]
3739,waar,[1]
3740,waarborgen,[1]
3741,waard,[1]
3742,waarde,[1]
3743,waardeerde,[1]
3744,waardeert,[1]
3745,waardeloos,[-1]
3746,waarderen,[1]
3747,waardevol,[1]
3748,waardig,[1]
3749,waardigheid,[1]
3750,waarneembaar,[1]
3751,waarschuwde,[-1]
3752,waarschuwen,[-1]
3753,waarschuwing,[-1]
3754,waas,[-1]
3755,wagen,[-1]
3756,wagon,[-1]
3757,walging,[-1]
3758,wandaden,[-1]
3759,wanen,[-1]
3760,wangedrag,[-1]
3761,wanhoop,[-1]
3762,wanhopig,[-1]
3763,wankel,[-1]
3764,wankelen,[-1]
3765,wanorde,[-1]
3766,want,[-1]
3767,wantrouwen,[-1]
3768,wantrouwig,[-1]
3769,wapenfeit,[-1]
3770,wapperen,[1]
3771,warm,[1]
3772,warmer,[1]
3773,warmte,[1]
3774,was,[-1]
3775,wassen,[1]
3776,wastafel,[-1]
3777,waste,[-1]
3778,waterafvoer,[-1]
3779,wazig,[-1]
3780,wederkerend,[-1]
3781,wederrechtelijk,[-1]
3782,wedloop,[-1]
3783,wee,[-1]
3784,week,[1]
3785,weelderig,[1]
3786,weerlegd,[-1]
3787,weerleggen,[-1]
3788,weerlegging,[-1]
3789,weerstand,[-1]
3790,wees,[-1]
3791,weeskind,[-1]
3792,weggooien,[-1]
3793,weglaten,[-1]
3794,weglating,[-1]
3795,weglopen,[-1]
3796,wegvluchten,[-1]
3797,weigeren,[-1]
3798,weigering,[-1]
3799,weigert,[-1]
3800,weken,[-1]
3801,wel,[1]
3802,weldoener,[1]
3803,welgesteld,[1]
3804,welkom,[1]
3805,welkome,[1]
3806,well,[1]
3807,welsprekendheid,[1]
3808,welvaart,[1]
3809,welvarend,[1]
3810,welwillend,[1]
3811,welzijn,[1]
3812,wendbaar,[1]
3813,wendbaarheid,[1]
3814,wendingen,[-1]
3815,wenselijk,[1]
3816,werk,[1]
3817,werken,[1]
3818,werkloos,[-1]
3819,werklozen,[-1]
3820,werkstuk,[1]
3821,werkte,[1]
3822,werkzaam,[1]
3823,wettig,[1]
3824,wezen,[1]
3825,wierook,[-1]
3826,wiet,[-1]
3827,wig,[-1]
3828,wiggen,[-1]
3829,wijd,[1]
3830,wijdverbreid,[-1]
3831,wijs,[1]
3832,wijsheid,[1]
3833,wijten,[-1]
3834,wijze,[1]
3835,wil,[1]
3836,wild,[-1]
3837,wilde,[-1]
3838,wilden,[-1]
3839,wildernis,[-1]
3840,willekeurig,[-1]
3841,willen,[1]
3842,wilt,[-1]
3843,win,[1]
3844,windstilte,[1]
3845,winnaar,[1]
3846,winnaars,[1]
3847,winnares,[1]
3848,winnen,[1]
3849,winnend,[1]
3850,winner,[1]
3851,winning,[1]
3852,wins,[1]
3853,winst,[1]
3854,winsten,[1]
3855,winstgevend,[1]
3856,wint,[1]
3857,wip,[-1]
3858,wirwar,[-1]
3859,wissen,[-1]
3860,woede,[-1]
3861,woedend,[-1]
3862,woest,[-1]
3863,woestenij,[-1]
3864,woestijn,[-1]
3865,wolk,[-1]
3866,wolvin,[-1]
3867,won,[1]
3868,wond,[-1]
3869,wonde,[-1]
3870,wonden,[-1]
3871,wonder,[1]
3872,wonderbaarlijk,[1]
3873,wonderen,[1]
3874,wonderkind,[1]
3875,wonderlijk,[1]
3876,wonen,[-1]
3877,woordenwisseling,[-1]
3878,woordvoerder,[-1]
3879,work,[1]
3880,works,[1]
3881,worst,[-1]
3882,worstelde,[-1]
3883,worstelen,[-1]
3884,worsteling,[-1]
3885,worstelt,[-1]
3886,wraak,[-1]
3887,wrak,[-1]
3888,wrede,[-1]
3889,wreed,[-1]
3890,wreedheden,[-1]
3891,wreedheid,[-1]
3892,wreken,[-1]
3893,wrijven,[-1]
3894,wrijving,[-1]
3895,wroeging,[-1]
3896,wrok,[-1]
3897,wrong,[-1]
3898,wurgen,[-1]
3899,zaak,[-1]
3900,zacht,[1]
3901,zachter,[1]
3902,zachtere,[1]
3903,zak,[-1]
3904,zakken,[-1]
3905,zalig,[1]
3906,zanderig,[-1]
3907,zat,[-1]
3908,zege,[1]
3909,zegen,[1]
3910,zegenen,[1]
3911,zegening,[1]
3912,zegevieren,[1]
3913,zeker,[1]
3914,zekerheid,[1]
3915,zelf,[1]
3916,zelfbewustzijn,[1]
3917,zelfdoding,[-1]
3918,zelfmoord,[-1]
3919,zelfverzekerd,[1]
3920,zenit,[1]
3921,zenith,[1]
3922,zenuwachtig,[-1]
3923,zenuwen,[-1]
3924,zetten,[-1]
3925,zeuren,[-1]
3926,zeven,[-1]
3927,zichtbaar,[1]
3928,ziek,[-1]
3929,zieke,[-1]
3930,ziekelijk,[-1]
3931,zieken,[-1]
3932,ziekte,[-1]
3933,zielig,[-1]
3934,zijrivier,[1]
3935,zinken,[-1]
3936,zinloos,[-1]
3937,zinnig,[1]
3938,zinvol,[1]
3939,zittend,[-1]
3940,zoals,[1]
3941,zoet,[1]
3942,zolder,[1]
3943,zombie,[-1]
3944,zonde,[-1]
3945,zondebok,[-1]
3946,zonder,[1]
3947,zonderling,[-1]
3948,zondig,[-1]
3949,zondvloed,[-1]
3950,zonsopgang,[1]
3951,zorg,[-1]
3952,zorgen,[-1]
3953,zuigen,[-1]
3954,zuigt,[-1]
3955,zuinig,[1]
3956,zuinigheid,[1]
3957,zuiver,[1]
3958,zuiveren,[1]
3959,zuivering,[1]
3960,zuur,[-1]
3961,zwaaien,[1]
3962,zwaar,[-1]
3963,zwaarste,[1]
3964,zwak,[-1]
3965,zwakheden,[-1]
3966,zwakkere,[-1]
3967,zwakte,[-1]
3968,zweep,[-1]
3969,zwellen,[-1]
3970,zwelling,[-1]
3971,zwendel,[-1]
3972,zwervend,[-1]
3973,zwerver,[-1]
3974,zweten,[-1]
3975,zwijn,[-1]
